cliente_id;nome;email;idade;cidade;UF;sexo;data_cadastro
1;Miguel Porto;eloah69@nascimento.org;51;Sao Bernardo do Campo;SP;Feminino;24/09/2020
2;Gustavo Henrique Azevedo;ubarros@gmail.com;62;Londrina;PR;Feminino;28/05/2024
3;Julia Correia;ana-lauramoraes@uol.com.br;65;Sao Luis;MA;Feminino;08/01/2020
4;Pietra Sales;usilveira@ig.com.br;45;Recife;PE;Masculino;22/05/2021
5;Guilherme Barros;davi-luizfarias@barros.net;24;Cuiaba;MT;Feminino;20/04/2021
6;Sr. Guilherme Rezende;cavalcantieloah@barbosa.net;57;Sao Bernardo do Campo;SP;Masculino;13/08/2023
7;Dra. Catarina da Rosa;pTaboao@costela.com;24;Teresina;PI;Masculino;12/06/2020
8;Luiz Fernando Carvalho;joao-guilhermemoraes@hotmail.com;55;Florianopolis;SC;Feminino;29/04/2021
9;Vitor da Cruz;fernandorezende@yahoo.com.br;51;Belem;PA;Feminino;08/06/2024
10;Vitor da Cruz;fernandorezende@yahoo.com.br;51;Belem;PA;Masculino;31/12/2022
11;Valentina Duarte;fmendes@pereira.net;52;Vitoria;ES;Masculino;20/07/2021
12;Rafaela Peixoto;cunhasophie@hotmail.com;28;Jundiai;SP;Masculino;23/06/2022
13;Bianca Aragão;agathamendes@barros.com;35;Vitoria;ES;Feminino;12/07/2021
14;Sofia Rocha;icardoso@goncalves.net;38;Belo Horizonte;MG;Feminino;25/08/2020
15;Danilo Dias;araujolara@da.br;34;Aracaju;SE;Feminino;01/02/2023
16;Pietro Oliveira;raquel90@das.br;19;Rio de Janeiro;RJ;Feminino;18/05/2023
17;Vitor Gabriel Mendes;ana-julia13@hotmail.com;47;Vitoria;ES;Feminino;07/07/2021
18;Valentina Duarte;fmendes@pereira.net;52;Blumenau;SC;Masculino;07/04/2022
19;Ana Vitória Peixoto;henriquecaldeira@das.org;32;Santo Andre;SP;Feminino;12/04/2021
20;Gabrielly Cunha;davi-luccadas-neves@bol.com.br;42;Rio de Janeiro;RJ;Masculino;17/01/2024
21;Vitor Gabriel Mendes;ana-julia13@hotmail.com;47;Cuiaba;MT;Masculino;15/07/2023
22;Sra. Raquel Monteiro;joao-guilherme52@hotmail.com;35;Niteroi;RJ;Masculino;20/01/2021
23;Alexandre Silva;juanazevedo@bol.com.br;46;Goiania;GO;Feminino;13/02/2022
24;Sr. Guilherme Rezende;cavalcantieloah@barbosa.net;57;Aracaju;SE;Feminino;27/04/2022
25;Vicente Duarte;stephanyda-costa@carvalho.com;66;Palmas;TO;Feminino;21/01/2021
26;Benjamin Cardoso;qda-rocha@gmail.com;62;Ribeirao Preto;SP;Masculino;26/05/2022
27;Juliana Porto;da-conceicaopietra@uol.com.br;29;Uberlandia;MG;Masculino;15/09/2020
28;Danilo Dias;araujolara@da.br;34;Maceio;AL;Masculino;09/10/2020
29;Dra. Yasmin Taboao;zmendes@souza.org;65;Sao Luis;MA;Masculino;07/07/2024
30;Cecília Fogaça;grezende@duarte.com;21;Belo Horizonte;MG;Masculino;09/02/2020
31;Luigi Lopes;santosalice@dias.br;28;Sao Jose dos Campos;SP;Masculino;30/04/2021
32;Mariana Costela;fda-paz@ig.com.br;41;Curitiba;PR;Feminino;17/07/2022
33;Stephany Souza;vbarros@viana.br;70;Cuiaba;MT;Feminino;07/08/2020
34;Calebe Nunes;silvadavi-lucas@bol.com.br;70;Porto Alegre;RS;Feminino;26/02/2023
35;Alexandre Silva;juanazevedo@bol.com.br;46;Sao Bernardo do Campo;SP;Feminino;11/10/2022
36;Isabelly Santos;ferreirayago@yahoo.com.br;48;Joao Pessoa;PB;Masculino;20/10/2022
37;Julia Correia;ana-lauramoraes@uol.com.br;65;Brasilia;DF;Masculino;23/03/2024
38;Luna Gomes;fsantos@bol.com.br;62;Palmas;TO;Feminino;04/09/2021
39;Luna Gomes;fsantos@bol.com.br;62;Guarulhos;SP;Masculino;16/07/2022
40;Ryan Pires;faraujo@castro.br;38;Porto Alegre;RS;Feminino;18/11/2021
41;Luna Gomes;fsantos@bol.com.br;62;Santos;SP;Feminino;30/06/2024
42;Ana Julia Alves;omendes@porto.br;41;Rio de Janeiro;RJ;Feminino;04/09/2021
43;Paulo Mendes;da-conceicaomaite@uol.com.br;27;Campo Grande;MS;Masculino;16/09/2020
44;Sra. Raquel Monteiro;joao-guilherme52@hotmail.com;35;Uberlandia;MG;Feminino;16/09/2022
45;Sofia Rocha;icardoso@goncalves.net;38;Curitiba;PR;Feminino;23/08/2022
46;Ana Julia Alves;omendes@porto.br;41;Recife;PE;Feminino;31/12/2020
47;Maria Alice Rocha;gustavo79@bol.com.br;59;Sorocaba;SP;Masculino;16/11/2024
48;Sr. Guilherme Rezende;cavalcantieloah@barbosa.net;57;Guarulhos;SP;Masculino;15/12/2024
49;Thomas Barbosa;qpires@uol.com.br;26;Natal;RN;Feminino;27/06/2021
50;Bernardo Farias;zpires@da.com;49;Jundiai;SP;Masculino;10/10/2021
51;Rafaela Melo;mpires@martins.org;50;Brasilia;DF;Masculino;27/03/2024
52;Srta. Eloah Melo;raragao@da.net;26;Rio de Janeiro;RJ;Masculino;24/03/2022
53;Dra. Yasmin Taboao;zmendes@souza.org;65;Fortaleza;CE;Masculino;05/11/2022
54;Alexandre Silva;juanazevedo@bol.com.br;46;Brasilia;DF;Masculino;26/02/2023
55;Bernardo da Luz;laurafreitas@da.com;43;Londrina;PR;Masculino;28/07/2021
56;Marina Cunha;danilonogueira@fogaca.com;65;Joao Pessoa;PB;Masculino;06/02/2023
57;Eduardo Campos;joao-gabriel32@ferreira.net;40;Santos;SP;Masculino;09/10/2022
58;Pietro Oliveira;raquel90@das.br;19;Osasco;SP;Masculino;05/04/2024
59;Vitor Gabriel Mendes;ana-julia13@hotmail.com;47;Manaus;AM;Masculino;31/10/2021
60;Gabriel Lopes;nathan70@das.net;54;Jundiai;SP;Feminino;25/09/2020
61;Calebe Nunes;silvadavi-lucas@bol.com.br;70;Guarulhos;SP;Feminino;31/03/2023
62;Alexandre Silva;juanazevedo@bol.com.br;46;Joinville;SC;Masculino;07/07/2023
63;Srta. Rebeca Nunes;correiabreno@porto.br;28;Sao Luis;MA;Feminino;12/07/2022
64;Leonardo Pereira;mouranathan@mendes.br;36;Recife;PE;Feminino;30/01/2023
65;Caio Rocha;rporto@uol.com.br;40;Guarulhos;SP;Masculino;09/03/2024
66;Ryan Pires;faraujo@castro.br;38;Florianopolis;SC;Masculino;24/10/2024
67;Rafael Rodrigues;icunha@da.com;21;Cuiaba;MT;Masculino;13/05/2024
68;Júlia Vieira;carlos-eduardocunha@santos.com;23;Maceio;AL;Feminino;03/09/2020
69;Maria Duarte;miguelsilveira@uol.com.br;25;Joao Pessoa;PB;Feminino;21/07/2024
70;Lorenzo da Cruz;da-cunhamaria-julia@hotmail.com;59;Vitoria;ES;Masculino;23/12/2024
71;Maria Sophia Cunha;nascimentoalexia@monteiro.br;57;Santos;SP;Masculino;09/04/2024
72;Srta. Eloah Melo;raragao@da.net;26;Palmas;TO;Masculino;10/05/2020
73;Vitor Gabriel Mendes;ana-julia13@hotmail.com;47;Londrina;PR;Feminino;18/12/2020
74;Amanda Alves;portoclarice@gmail.com;36;Sao Luis;MA;Feminino;14/07/2020
75;Gabriela da Paz;felipe98@aragao.net;33;Sao Paulo;SP;Feminino;21/12/2024
76;Srta. Eloah Melo;raragao@da.net;26;Palmas;TO;Feminino;18/07/2022
77;Gabriela da Paz;felipe98@aragao.net;33;Curitiba;PR;Masculino;16/08/2024
78;Gustavo Henrique Azevedo;ubarros@gmail.com;62;Porto Alegre;RS;Masculino;06/11/2023
79;Julia Nunes;freitasalice@gmail.com;68;Vitoria;ES;Masculino;18/10/2022
80;Rafaela Melo;mpires@martins.org;50;Sao Paulo;SP;Masculino;06/10/2021
81;Eduardo Campos;joao-gabriel32@ferreira.net;40;Recife;PE;Feminino;14/08/2020
82;Leonardo Pereira;mouranathan@mendes.br;36;Vitoria;ES;Feminino;01/12/2021
83;Lorenzo Mendes;matheus98@uol.com.br;62;Belem;PA;Masculino;08/02/2024
84;João Felipe Moura;da-conceicaomaria@nogueira.com;43;Natal;RN;Masculino;09/02/2024
85;Luna Gomes;fsantos@bol.com.br;62;Recife;PE;Feminino;21/09/2020
86;Rafaela Peixoto;cunhasophie@hotmail.com;28;Sorocaba;SP;Masculino;27/10/2023
87;Bernardo da Luz;laurafreitas@da.com;43;Sorocaba;SP;Feminino;18/02/2024
88;Leandro Barbosa;sofia15@yahoo.com.br;55;Niteroi;RJ;Masculino;28/12/2023
89;Heloísa Oliveira;bruno03@gmail.com;19;Salvador;BA;Masculino;07/10/2021
90;Julia Correia;ana-lauramoraes@uol.com.br;65;Sao Bernardo do Campo;SP;Masculino;29/07/2020
91;Pietra Sales;usilveira@ig.com.br;45;Uberlandia;MG;Masculino;14/05/2024
92;Júlia Vieira;carlos-eduardocunha@santos.com;23;Curitiba;PR;Masculino;01/11/2023
93;Luiz Fernando Carvalho;joao-guilhermemoraes@hotmail.com;55;Porto Alegre;RS;Masculino;19/11/2023
94;Luna Gomes;fsantos@bol.com.br;62;Recife;PE;Masculino;13/01/2024
95;Dra. Ana Beatriz Freitas;heitor86@ig.com.br;23;Goiania;GO;Feminino;31/07/2022
96;Melissa Farias;vitor-hugo91@yahoo.com.br;50;Osasco;SP;Feminino;19/10/2023
97;Isabelly Santos;ferreirayago@yahoo.com.br;48;Niteroi;RJ;Feminino;01/04/2021
98;Bianca Viana;mendessophia@bol.com.br;41;Florianopolis;SC;Feminino;25/12/2021
99;Pietro Oliveira;raquel90@das.br;19;Vitoria;ES;Feminino;17/10/2024
100;Bianca Aragão;agathamendes@barros.com;35;Sao Jose dos Campos;SP;Masculino;03/06/2023
101;Kevin da Mota;unogueira@monteiro.org;44;Sorocaba;SP;Masculino;08/09/2022
102;Dra. Yasmin Taboao;zmendes@souza.org;65;Aracaju;SE;Feminino;28/02/2023
103;Alexandre Silva;juanazevedo@bol.com.br;46;Ribeirao Preto;SP;Masculino;10/08/2021
104;Lavínia Araújo;ana-julia57@bol.com.br;32;Sorocaba;SP;Feminino;20/04/2021
105;Davi Lucca Monteiro;wmoreira@yahoo.com.br;19;Sao Paulo;SP;Feminino;26/12/2024
106;Julia Correia;ana-lauramoraes@uol.com.br;65;Sorocaba;SP;Masculino;12/09/2022
107;Otávio Souza;iangoncalves@yahoo.com.br;65;Sao Jose dos Campos;SP;Masculino;24/07/2023
108;Bruna Vieira;evelyn48@gmail.com;69;Guarulhos;SP;Masculino;04/06/2020
109;Dra. Yasmin Taboao;zmendes@souza.org;65;Belo Horizonte;MG;Feminino;18/11/2024
110;Srta. Rebeca Nunes;correiabreno@porto.br;28;Sao Paulo;SP;Masculino;26/05/2023
111;Marina Cunha;danilonogueira@fogaca.com;65;Salvador;BA;Feminino;08/07/2020
112;Valentina Duarte;fmendes@pereira.net;52;Santos;SP;Feminino;11/12/2023
113;Maria Sophia Vieira;lfarias@hotmail.com;56;Guarulhos;SP;Feminino;07/09/2022
114;Caio Rocha;rporto@uol.com.br;40;Sao Bernardo do Campo;SP;Masculino;25/08/2024
115;Valentina Duarte;fmendes@pereira.net;52;Ribeirao Preto;SP;Masculino;11/09/2024
116;Julia Nunes;freitasalice@gmail.com;68;Porto Alegre;RS;Feminino;29/06/2021
117;Sr. Emanuel da Conceição;renan57@da.net;18;Sao Luis;MA;Masculino;10/02/2020
118;Maria Duarte;miguelsilveira@uol.com.br;25;Sao Luis;MA;Masculino;02/11/2020
119;Caio Rocha;rporto@uol.com.br;40;Santos;SP;Masculino;31/07/2022
120;Rafael Rodrigues;icunha@da.com;21;Campinas;SP;Feminino;03/12/2020
121;Rafael Rodrigues;icunha@da.com;21;Balneario Camboriu;SC;Feminino;30/08/2023
122;Vicente Duarte;stephanyda-costa@carvalho.com;66;Sao Bernardo do Campo;SP;Masculino;03/01/2023
123;Pedro Henrique Nogueira;da-cruznatalia@melo.com;26;Balneario Camboriu;SC;Feminino;10/08/2022
124;Lavínia Araújo;ana-julia57@bol.com.br;32;Brasilia;DF;Masculino;05/10/2020
125;Leonardo da Rosa;tmendes@santos.br;52;Blumenau;SC;Masculino;14/04/2023
126;Maria Alice Rocha;gustavo79@bol.com.br;59;Sao Jose dos Campos;SP;Masculino;14/06/2022
127;Thomas Barbosa;qpires@uol.com.br;26;Florianopolis;SC;Masculino;12/08/2024
128;Pietra Sales;usilveira@ig.com.br;45;Sao Bernardo do Campo;SP;Feminino;29/09/2020
129;Lucca Dias;jsilva@bol.com.br;56;Sao Luis;MA;Feminino;16/04/2022
130;Lorenzo Mendes;matheus98@uol.com.br;62;Londrina;PR;Feminino;11/09/2021
131;Vicente Duarte;stephanyda-costa@carvalho.com;66;Jundiai;SP;Masculino;01/08/2024
132;Heloísa Oliveira;bruno03@gmail.com;19;Campinas;SP;Masculino;11/05/2022
133;Leandro Nogueira;ibarros@alves.com;25;Balneario Camboriu;SC;Masculino;11/12/2024
134;Luna Gomes;fsantos@bol.com.br;62;Curitiba;PR;Feminino;19/07/2022
135;Valentina Duarte;fmendes@pereira.net;52;Aracaju;SE;Masculino;15/10/2020
136;Sr. Diego Porto;nunesdaniel@uol.com.br;25;Uberlandia;MG;Feminino;24/12/2021
137;João Vitor Monteiro;das-nevesmelissa@correia.org;40;Rio de Janeiro;RJ;Feminino;11/06/2022
138;Leonardo Pereira;mouranathan@mendes.br;36;Fortaleza;CE;Feminino;28/09/2020
139;Joaquim Ferreira;leonardo25@hotmail.com;57;Uberlandia;MG;Feminino;25/12/2022
140;Luigi Lopes;santosalice@dias.br;28;Uberlandia;MG;Feminino;27/04/2021
141;Rafael Rodrigues;icunha@da.com;21;Campo Grande;MS;Feminino;24/07/2022
142;Bruna Vieira;evelyn48@gmail.com;69;Blumenau;SC;Masculino;04/09/2020
143;João Vitor Monteiro;das-nevesmelissa@correia.org;40;Belem;PA;Masculino;04/06/2020
144;Ryan Pires;faraujo@castro.br;38;Uberlandia;MG;Feminino;06/12/2022
145;Júlia Vieira;carlos-eduardocunha@santos.com;23;Palmas;TO;Feminino;29/03/2021
146;Sofia Rocha;icardoso@goncalves.net;38;Sao Bernardo do Campo;SP;Masculino;19/07/2020
147;Maria Sophia Vieira;lfarias@hotmail.com;56;Niteroi;RJ;Feminino;10/08/2024
148;Pedro Henrique Nogueira;da-cruznatalia@melo.com;26;Sao Paulo;SP;Feminino;03/05/2020
149;Eduardo Campos;joao-gabriel32@ferreira.net;40;Ribeirao Preto;SP;Masculino;01/01/2020
150;Bernardo da Luz;laurafreitas@da.com;43;Campinas;SP;Feminino;25/08/2022
151;Davi Lucca Ramos;dgomes@hotmail.com;67;Belo Horizonte;MG;Feminino;17/11/2024
152;Marina Cunha;danilonogueira@fogaca.com;65;Sao Bernardo do Campo;SP;Feminino;04/05/2022
153;Bernardo da Rocha;dpires@bol.com.br;36;Fortaleza;CE;Masculino;01/10/2021
154;Julia Correia;ana-lauramoraes@uol.com.br;65;Recife;PE;Masculino;09/07/2020
155;Eduardo Campos;joao-gabriel32@ferreira.net;40;Ribeirao Preto;SP;Masculino;21/05/2024
156;Stephany Souza;vbarros@viana.br;70;Porto Alegre;RS;Feminino;30/05/2021
157;Enzo Silveira;bmoura@ferreira.com;69;Sao Jose dos Campos;SP;Feminino;17/03/2021
158;Ana Julia Alves;omendes@porto.br;41;Niteroi;RJ;Masculino;22/05/2020
159;Julia Nunes;freitasalice@gmail.com;68;Vitoria;ES;Feminino;29/04/2023
160;Dra. Nina Cunha;da-mataantonio@ig.com.br;62;Sao Luis;MA;Feminino;16/06/2021
161;Miguel Porto;eloah69@nascimento.org;51;Balneario Camboriu;SC;Feminino;14/08/2020
162;Dra. Nina Cunha;da-mataantonio@ig.com.br;62;Balneario Camboriu;SC;Feminino;29/08/2023
163;Srta. Eloah Melo;raragao@da.net;26;Vitoria;ES;Feminino;10/07/2024
164;Eduardo Barros;theonunes@gmail.com;36;Goiania;GO;Masculino;06/08/2022
165;Leandro Nogueira;ibarros@alves.com;25;Sao Bernardo do Campo;SP;Feminino;18/08/2023
166;Julia Correia;ana-lauramoraes@uol.com.br;65;Rio de Janeiro;RJ;Masculino;04/08/2024
167;Davi da Mata;davi-lucas81@ferreira.com;23;Belo Horizonte;MG;Feminino;04/04/2021
168;Davi Lucca Monteiro;wmoreira@yahoo.com.br;19;Sao Jose dos Campos;SP;Masculino;25/11/2023
169;Lorenzo da Cruz;da-cunhamaria-julia@hotmail.com;59;Natal;RN;Feminino;04/07/2021
170;Dra. Isis Cardoso;castrokaique@castro.br;62;Rio de Janeiro;RJ;Masculino;27/01/2021
171;Ian Almeida;guilherme45@yahoo.com.br;57;Rio de Janeiro;RJ;Feminino;22/11/2024
172;Srta. Rebeca Nunes;correiabreno@porto.br;28;Uberlandia;MG;Masculino;24/04/2022
173;Mariana Costela;fda-paz@ig.com.br;41;Florianopolis;SC;Feminino;15/05/2023
174;Joaquim Ferreira;leonardo25@hotmail.com;57;Sao Jose dos Campos;SP;Masculino;28/07/2020
175;Leonardo da Rosa;tmendes@santos.br;52;Balneario Camboriu;SC;Feminino;12/02/2023
176;Kamilly Souza;cunhahenrique@hotmail.com;56;Niteroi;RJ;Masculino;26/10/2024
177;Stephany Souza;vbarros@viana.br;70;Sao Paulo;SP;Masculino;07/10/2021
178;Otávio Souza;iangoncalves@yahoo.com.br;65;Teresina;PI;Feminino;28/06/2023
179;Luna Gomes;fsantos@bol.com.br;62;Rio de Janeiro;RJ;Feminino;06/08/2020
180;Maria Sophia Costa;fernando44@novaes.br;62;Santos;SP;Masculino;10/02/2021
181;Amanda Alves;portoclarice@gmail.com;36;Balneario Camboriu;SC;Feminino;06/01/2024
182;Leonardo da Rosa;tmendes@santos.br;52;Fortaleza;CE;Masculino;14/06/2024
183;Leonardo da Rosa;tmendes@santos.br;52;Balneario Camboriu;SC;Masculino;09/10/2023
184;Leonardo Pereira;mouranathan@mendes.br;36;Brasilia;DF;Masculino;06/06/2022
185;Gabriel Lopes;nathan70@das.net;54;Belem;PA;Feminino;11/07/2021
186;Ana Vitória Peixoto;henriquecaldeira@das.org;32;Natal;RN;Masculino;03/07/2021
187;Luna Gomes;fsantos@bol.com.br;62;Santo Andre;SP;Masculino;21/05/2020
188;Vitor da Cruz;fernandorezende@yahoo.com.br;51;Vitoria;ES;Feminino;03/09/2021
189;Calebe Nunes;silvadavi-lucas@bol.com.br;70;Salvador;BA;Feminino;15/05/2021
190;Dra. Yasmin Taboao;zmendes@souza.org;65;Osasco;SP;Feminino;19/04/2022
191;Luna Gomes;fsantos@bol.com.br;62;Fortaleza;CE;Feminino;02/12/2021
192;Rafaela Moraes;alexandregomes@alves.com;55;Aracaju;SE;Masculino;19/04/2024
193;Maria Sophia Vieira;lfarias@hotmail.com;56;Belem;PA;Masculino;09/08/2024
194;Davi Lucca Ramos;dgomes@hotmail.com;67;Maceio;AL;Masculino;14/04/2024
195;Luna Gomes;fsantos@bol.com.br;62;Niteroi;RJ;Masculino;10/03/2024
196;Enzo Silveira;bmoura@ferreira.com;69;Porto Alegre;RS;Feminino;18/08/2021
197;Sofia Rocha;icardoso@goncalves.net;38;Fortaleza;CE;Masculino;07/10/2020
198;Joana Alves;maitemendes@hotmail.com;67;Maceio;AL;Masculino;27/02/2021
199;Pietra Sales;usilveira@ig.com.br;45;Londrina;PR;Feminino;05/05/2022
200;Davi Lucca Ramos;dgomes@hotmail.com;67;Belo Horizonte;MG;Masculino;26/09/2020
201;Marina Cunha;danilonogueira@fogaca.com;65;Campo Grande;MS;Masculino;02/06/2020
202;Luna Gomes;fsantos@bol.com.br;62;Jundiai;SP;Masculino;05/09/2021
203;Sr. Diego Porto;nunesdaniel@uol.com.br;25;Teresina;PI;Masculino;16/10/2024
204;Rafaela Moraes;alexandregomes@alves.com;55;Santos;SP;Masculino;23/10/2021
205;Ana Julia Alves;omendes@porto.br;41;Belo Horizonte;MG;Masculino;23/03/2020
206;Leonardo Pereira;mouranathan@mendes.br;36;Teresina;PI;Feminino;03/07/2024
207;Bianca Aragão;agathamendes@barros.com;35;Campo Grande;MS;Feminino;04/08/2022
208;Bernardo da Rocha;dpires@bol.com.br;36;Balneario Camboriu;SC;Masculino;17/06/2022
209;Mariana Costela;fda-paz@ig.com.br;41;Curitiba;PR;Masculino;20/12/2023
210;Ian Almeida;guilherme45@yahoo.com.br;57;Niteroi;RJ;Feminino;22/07/2023
211;Dra. Nina Cunha;da-mataantonio@ig.com.br;62;Sao Bernardo do Campo;SP;Masculino;02/10/2024
212;Valentina Duarte;fmendes@pereira.net;52;Joao Pessoa;PB;Masculino;10/10/2020
213;Miguel Porto;eloah69@nascimento.org;51;Sao Paulo;SP;Masculino;06/09/2022
214;Luna Gomes;fsantos@bol.com.br;62;Belem;PA;Feminino;21/06/2020
215;Juliana Porto;da-conceicaopietra@uol.com.br;29;Uberlandia;MG;Masculino;12/09/2023
216;Miguel Porto;eloah69@nascimento.org;51;Palmas;TO;Feminino;07/10/2024
217;Lucca Dias;jsilva@bol.com.br;56;Florianopolis;SC;Masculino;22/12/2022
218;Bernardo Farias;zpires@da.com;49;Joinville;SC;Feminino;01/01/2023
219;Vitor Gabriel Mendes;ana-julia13@hotmail.com;47;Blumenau;SC;Feminino;01/02/2022
220;Sofia Rocha;icardoso@goncalves.net;38;Sorocaba;SP;Masculino;17/07/2024
221;Larissa Gomes;cauasilva@da.net;68;Curitiba;PR;Feminino;30/10/2023
222;Maria Duarte;miguelsilveira@uol.com.br;25;Maceio;AL;Masculino;24/09/2021
223;Mariana Costela;fda-paz@ig.com.br;41;Santos;SP;Feminino;11/03/2024
224;Vitor Gabriel Mendes;ana-julia13@hotmail.com;47;Rio de Janeiro;RJ;Masculino;25/02/2022
225;Vitor Gabriel Mendes;ana-julia13@hotmail.com;47;Sao Paulo;SP;Masculino;31/07/2022
226;Calebe Nunes;silvadavi-lucas@bol.com.br;70;Goiania;GO;Feminino;08/10/2022
227;Gabriela da Paz;felipe98@aragao.net;33;Salvador;BA;Masculino;01/02/2021
228;Luiz Fernando Carvalho;joao-guilhermemoraes@hotmail.com;55;Sao Jose dos Campos;SP;Masculino;17/02/2023
229;Dra. Nina Cunha;da-mataantonio@ig.com.br;62;Balneario Camboriu;SC;Feminino;22/07/2022
230;Rafaela Moraes;alexandregomes@alves.com;55;Porto Alegre;RS;Masculino;31/12/2023
231;Maria Sophia Vieira;lfarias@hotmail.com;56;Sorocaba;SP;Masculino;06/11/2021
232;Sr. Bernardo Pereira;yfernandes@yahoo.com.br;48;Teresina;PI;Feminino;24/07/2022
233;Vitor Gabriel Mendes;ana-julia13@hotmail.com;47;Maceio;AL;Feminino;09/04/2021
234;Pietro Oliveira;raquel90@das.br;19;Belo Horizonte;MG;Masculino;12/10/2020
235;Leonardo Pereira;mouranathan@mendes.br;36;Campo Grande;MS;Masculino;21/09/2020
236;Eduardo Campos;joao-gabriel32@ferreira.net;40;Vitoria;ES;Feminino;15/11/2020
237;Ian Almeida;guilherme45@yahoo.com.br;57;Niteroi;RJ;Feminino;03/11/2021
238;Joana Alves;maitemendes@hotmail.com;67;Vitoria;ES;Masculino;31/10/2023
239;Ian Almeida;guilherme45@yahoo.com.br;57;Belem;PA;Feminino;30/03/2022
240;João Miguel Mendes;da-costajoao@hotmail.com;46;Recife;PE;Masculino;29/03/2020
241;Paulo Mendes;da-conceicaomaite@uol.com.br;27;Jundiai;SP;Masculino;04/08/2024
242;Vitor da Cruz;fernandorezende@yahoo.com.br;51;Santo Andre;SP;Masculino;11/05/2023
243;Larissa Gomes;cauasilva@da.net;68;Campo Grande;MS;Masculino;31/03/2022
244;Marcos Vinicius Barbosa;ana-claracampos@bol.com.br;69;Sorocaba;SP;Masculino;28/10/2024
245;Gabrielly Cunha;davi-luccadas-neves@bol.com.br;42;Palmas;TO;Feminino;27/09/2022
246;Bianca Aragão;agathamendes@barros.com;35;Sorocaba;SP;Feminino;29/11/2020
247;Luiz Felipe Almeida;pedro-henriquelima@ig.com.br;48;Palmas;TO;Feminino;09/08/2020
248;Dra. Lavínia da Paz;henrique10@yahoo.com.br;23;Londrina;PR;Feminino;10/02/2020
249;Joana Alves;maitemendes@hotmail.com;67;Joao Pessoa;PB;Masculino;27/09/2024
250;Joaquim Ferreira;leonardo25@hotmail.com;57;Joao Pessoa;PB;Masculino;08/03/2020
251;Sr. Emanuel da Conceição;renan57@da.net;18;Rio de Janeiro;RJ;Masculino;14/09/2022
252;Dr. Breno Porto;da-luzemilly@bol.com.br;20;Sorocaba;SP;Masculino;04/12/2024
253;Rafaela Moraes;alexandregomes@alves.com;55;Maceio;AL;Feminino;28/05/2021
254;Thomas Barbosa;qpires@uol.com.br;26;Jundiai;SP;Masculino;18/07/2024
255;Mariana Costela;fda-paz@ig.com.br;41;Niteroi;RJ;Masculino;03/07/2024
256;Joana Alves;maitemendes@hotmail.com;67;Brasilia;DF;Feminino;09/06/2024
257;Isabelly Santos;ferreirayago@yahoo.com.br;48;Niteroi;RJ;Feminino;13/07/2024
258;Gustavo Henrique Azevedo;ubarros@gmail.com;62;Guarulhos;SP;Feminino;24/02/2023
259;Sofia Rocha;icardoso@goncalves.net;38;Cuiaba;MT;Feminino;02/07/2023
260;Vitória Carvalho;nunescaio@gmail.com;55;Campo Grande;MS;Masculino;25/11/2021
261;Mariana Costela;fda-paz@ig.com.br;41;Recife;PE;Masculino;05/11/2022
262;Lorenzo da Cruz;da-cunhamaria-julia@hotmail.com;59;Curitiba;PR;Feminino;21/04/2021
263;Sr. Bernardo Pereira;yfernandes@yahoo.com.br;48;Belo Horizonte;MG;Masculino;21/12/2022
264;Eduardo Campos;joao-gabriel32@ferreira.net;40;Natal;RN;Masculino;30/05/2022
265;Bernardo da Luz;mcarvalho@uol.com.br;51;Niteroi;RJ;Masculino;07/03/2021
266;Sr. Bernardo Pereira;yfernandes@yahoo.com.br;48;Goiania;GO;Feminino;20/08/2024
267;Vitória Carvalho;nunescaio@gmail.com;55;Aracaju;SE;Masculino;24/09/2020
268;Dra. Nina Cunha;da-mataantonio@ig.com.br;62;Aracaju;SE;Feminino;24/11/2022
269;Srta. Rebeca Nunes;correiabreno@porto.br;28;Blumenau;SC;Masculino;17/02/2022
270;Miguel Porto;eloah69@nascimento.org;51;Santo Andre;SP;Masculino;18/05/2024
271;Vicente Duarte;stephanyda-costa@carvalho.com;66;Santo Andre;SP;Masculino;08/05/2021
272;Dra. Ana Beatriz Freitas;heitor86@ig.com.br;23;Recife;PE;Feminino;04/05/2024
273;Bernardo Farias;zpires@da.com;49;Ribeirao Preto;SP;Masculino;01/02/2024
274;Bianca Viana;mendessophia@bol.com.br;41;Ribeirao Preto;SP;Feminino;25/11/2024
275;Maria Sophia Vieira;lfarias@hotmail.com;56;Osasco;SP;Feminino;22/10/2021
276;Sr. Emanuel da Conceição;renan57@da.net;18;Cuiaba;MT;Feminino;10/09/2023
277;Calebe Nunes;silvadavi-lucas@bol.com.br;70;Blumenau;SC;Masculino;20/08/2023
278;Maria Sophia Costa;fernando44@novaes.br;62;Niteroi;RJ;Masculino;23/07/2023
279;Dra. Yasmin Taboao;zmendes@souza.org;65;Uberlandia;MG;Masculino;03/09/2024
280;Maria Sophia Cunha;nascimentoalexia@monteiro.br;57;Niteroi;RJ;Masculino;09/10/2022
281;Leandro Nogueira;ibarros@alves.com;25;Salvador;BA;Feminino;09/05/2023
282;Isadora Correia;gabrielaTaboao@duarte.com;44;Teresina;PI;Feminino;08/01/2024
283;Eduardo Barros;theonunes@gmail.com;36;Brasilia;DF;Feminino;09/09/2023
284;Stephany Souza;vbarros@viana.br;70;Sorocaba;SP;Masculino;24/11/2022
285;João Vitor Monteiro;das-nevesmelissa@correia.org;40;Natal;RN;Feminino;03/09/2022
286;Maria Alice Rocha;gustavo79@bol.com.br;59;Uberlandia;MG;Masculino;26/04/2021
287;Dr. Breno Porto;da-luzemilly@bol.com.br;20;Blumenau;SC;Feminino;28/12/2021
288;Eduardo Campos;joao-gabriel32@ferreira.net;40;Londrina;PR;Masculino;24/04/2021
289;Alexandre Silva;juanazevedo@bol.com.br;46;Fortaleza;CE;Masculino;24/12/2022
290;Vitor Gabriel Mendes;ana-julia13@hotmail.com;47;Sorocaba;SP;Feminino;28/10/2022
291;Maria Sophia Vieira;lfarias@hotmail.com;56;Sao Jose dos Campos;SP;Feminino;17/08/2023
292;Heloísa Oliveira;bruno03@gmail.com;19;Vitoria;ES;Feminino;08/12/2020
293;Lucca Dias;jsilva@bol.com.br;56;Londrina;PR;Feminino;25/12/2023
294;Luiz Felipe Almeida;pedro-henriquelima@ig.com.br;48;Joinville;SC;Masculino;18/12/2023
295;Sr. Diego Porto;nunesdaniel@uol.com.br;25;Sorocaba;SP;Feminino;27/11/2020
296;Ian Almeida;guilherme45@yahoo.com.br;57;Niteroi;RJ;Feminino;13/03/2021
297;Marina Cunha;danilonogueira@fogaca.com;65;Cuiaba;MT;Feminino;30/05/2024
298;João Vitor Monteiro;das-nevesmelissa@correia.org;40;Balneario Camboriu;SC;Masculino;22/06/2020
299;Sr. Bernardo Pereira;yfernandes@yahoo.com.br;48;Florianopolis;SC;Masculino;12/07/2021
300;Heloísa Oliveira;bruno03@gmail.com;19;Niteroi;RJ;Feminino;10/06/2021
301;Isabelly Santos;ferreirayago@yahoo.com.br;48;Belo Horizonte;MG;Masculino;20/10/2021
302;Sofia Rocha;icardoso@goncalves.net;38;Joao Pessoa;PB;Feminino;26/01/2020
303;Vitória Carvalho;nunescaio@gmail.com;55;Palmas;TO;Masculino;30/03/2022
304;Bianca Aragão;agathamendes@barros.com;35;Joinville;SC;Masculino;27/08/2021
305;Gabriela da Paz;felipe98@aragao.net;33;Belo Horizonte;MG;Masculino;09/02/2021
306;Vicente Duarte;stephanyda-costa@carvalho.com;66;Vitoria;ES;Masculino;19/08/2020
307;Bianca Aragão;agathamendes@barros.com;35;Balneario Camboriu;SC;Feminino;16/06/2021
308;Vitor da Cruz;fernandorezende@yahoo.com.br;51;Aracaju;SE;Feminino;22/04/2024
309;Pietra Sales;usilveira@ig.com.br;45;Florianopolis;SC;Feminino;16/12/2024
310;Lorenzo da Cruz;da-cunhamaria-julia@hotmail.com;59;Rio de Janeiro;RJ;Masculino;19/05/2021
311;Gabrielly Cunha;davi-luccadas-neves@bol.com.br;42;Ribeirao Preto;SP;Feminino;19/08/2024
312;Gabriel Lopes;nathan70@das.net;54;Rio de Janeiro;RJ;Feminino;27/06/2020
313;João Vitor Monteiro;das-nevesmelissa@correia.org;40;Santos;SP;Feminino;11/05/2020
314;Dra. Yasmin Taboao;zmendes@souza.org;65;Natal;RN;Masculino;18/01/2024
315;João Vitor Monteiro;das-nevesmelissa@correia.org;40;Niteroi;RJ;Masculino;13/12/2020
316;Benjamin Porto;aragaovitor-gabriel@cunha.com;36;Porto Alegre;RS;Masculino;23/06/2021
317;Gustavo Henrique Azevedo;ubarros@gmail.com;62;Sao Bernardo do Campo;SP;Feminino;10/02/2022
318;Rafaela Melo;mpires@martins.org;50;Londrina;PR;Feminino;30/11/2023
319;Bianca Viana;mendessophia@bol.com.br;41;Santos;SP;Feminino;16/03/2020
320;Kamilly Souza;cunhahenrique@hotmail.com;56;Sorocaba;SP;Masculino;01/08/2021
321;Gabriela da Paz;felipe98@aragao.net;33;Palmas;TO;Masculino;03/05/2022
322;Rafael Rodrigues;icunha@da.com;21;Vitoria;ES;Feminino;24/02/2024
323;Isabelly Santos;ferreirayago@yahoo.com.br;48;Campinas;SP;Masculino;12/07/2020
324;Guilherme Barros;davi-luizfarias@barros.net;24;Curitiba;PR;Masculino;31/03/2023
325;Lavínia Araújo;ana-julia57@bol.com.br;32;Jundiai;SP;Masculino;12/12/2020
326;Rafaela Peixoto;cunhasophie@hotmail.com;28;Campo Grande;MS;Masculino;08/08/2022
327;Vicente Duarte;stephanyda-costa@carvalho.com;66;Sao Paulo;SP;Feminino;16/10/2023
328;João Miguel Mendes;da-costajoao@hotmail.com;46;Recife;PE;Masculino;27/11/2024
329;Vicente Duarte;stephanyda-costa@carvalho.com;66;Maceio;AL;Masculino;26/05/2024
330;Bernardo da Luz;laurafreitas@da.com;43;Guarulhos;SP;Masculino;15/01/2023
331;Sr. Guilherme Rezende;cavalcantieloah@barbosa.net;57;Goiania;GO;Masculino;09/07/2023
332;Heloísa Oliveira;bruno03@gmail.com;19;Florianopolis;SC;Feminino;01/08/2020
333;Vitória Carvalho;nunescaio@gmail.com;55;Sao Luis;MA;Feminino;15/08/2024
334;Caio Rocha;rporto@uol.com.br;40;Uberlandia;MG;Masculino;11/10/2024
335;Maria Alice Rocha;gustavo79@bol.com.br;59;Osasco;SP;Masculino;26/07/2021
336;Bernardo da Luz;mcarvalho@uol.com.br;51;Rio de Janeiro;RJ;Masculino;18/02/2022
337;Marcos Vinicius Barbosa;ana-claracampos@bol.com.br;69;Balneario Camboriu;SC;Masculino;18/09/2020
338;Vicente Duarte;stephanyda-costa@carvalho.com;66;Florianopolis;SC;Masculino;30/12/2021
339;Heloísa Oliveira;bruno03@gmail.com;19;Aracaju;SE;Masculino;09/10/2020
340;Benjamin Cardoso;qda-rocha@gmail.com;62;Palmas;TO;Feminino;29/07/2024
341;Mariana Costela;fda-paz@ig.com.br;41;Aracaju;SE;Masculino;30/01/2024
342;Joaquim Ferreira;leonardo25@hotmail.com;57;Aracaju;SE;Feminino;04/11/2023
343;Danilo Dias;araujolara@da.br;34;Fortaleza;CE;Feminino;27/12/2020
344;Ana Vitória Peixoto;henriquecaldeira@das.org;32;Sao Luis;MA;Masculino;12/01/2024
345;Gabrielly Cunha;davi-luccadas-neves@bol.com.br;42;Sao Jose dos Campos;SP;Feminino;16/03/2021
346;Ana Julia Alves;omendes@porto.br;41;Niteroi;RJ;Feminino;02/04/2020
347;Gabriela da Paz;felipe98@aragao.net;33;Recife;PE;Feminino;02/07/2024
348;Caio Rocha;rporto@uol.com.br;40;Salvador;BA;Feminino;22/01/2022
349;Davi Lucca Ramos;dgomes@hotmail.com;67;Sao Bernardo do Campo;SP;Feminino;16/05/2022
350;Davi Lucca Ramos;dgomes@hotmail.com;67;Brasilia;DF;Feminino;18/12/2023
351;Dra. Lavínia da Paz;henrique10@yahoo.com.br;23;Fortaleza;CE;Masculino;21/05/2020
352;Sr. Guilherme Rezende;cavalcantieloah@barbosa.net;57;Balneario Camboriu;SC;Feminino;07/08/2023
353;Ana Vitória Peixoto;henriquecaldeira@das.org;32;Blumenau;SC;Feminino;26/12/2023
354;Rafaela Moraes;alexandregomes@alves.com;55;Sorocaba;SP;Feminino;18/01/2022
355;Leonardo da Rosa;tmendes@santos.br;52;Maceio;AL;Masculino;08/09/2024
356;Sra. Raquel Monteiro;joao-guilherme52@hotmail.com;35;Campinas;SP;Feminino;14/10/2021
357;Rafaela Moraes;alexandregomes@alves.com;55;Blumenau;SC;Masculino;01/12/2021
358;Luiz Felipe Almeida;pedro-henriquelima@ig.com.br;48;Teresina;PI;Feminino;24/09/2022
359;Guilherme Barros;davi-luizfarias@barros.net;24;Natal;RN;Masculino;18/02/2020
360;Heloísa Oliveira;bruno03@gmail.com;19;Teresina;PI;Masculino;18/08/2023
361;Sr. Bernardo Pereira;yfernandes@yahoo.com.br;48;Uberlandia;MG;Feminino;30/05/2022
362;Srta. Eloah Melo;raragao@da.net;26;Santos;SP;Feminino;28/04/2023
363;Rafael Rodrigues;icunha@da.com;21;Sao Jose dos Campos;SP;Masculino;05/03/2023
364;Sra. Raquel Monteiro;joao-guilherme52@hotmail.com;35;Santos;SP;Feminino;08/07/2021
365;Cecília Fogaça;grezende@duarte.com;21;Florianopolis;SC;Masculino;07/02/2021
366;Marcos Vinicius Barbosa;ana-claracampos@bol.com.br;69;Porto Alegre;RS;Masculino;10/06/2022
367;Leonardo Pereira;mouranathan@mendes.br;36;Goiania;GO;Masculino;14/05/2022
368;Calebe Nunes;silvadavi-lucas@bol.com.br;70;Sao Paulo;SP;Masculino;24/08/2021
369;Ana Vitória Peixoto;henriquecaldeira@das.org;32;Sao Paulo;SP;Masculino;06/12/2020
370;Gustavo Henrique Azevedo;ubarros@gmail.com;62;Osasco;SP;Feminino;15/11/2024
371;Letícia Costela;camila28@uol.com.br;62;Balneario Camboriu;SC;Masculino;04/12/2021
372;Amanda Alves;portoclarice@gmail.com;36;Palmas;TO;Masculino;13/11/2020
373;João Vitor Monteiro;das-nevesmelissa@correia.org;40;Sao Paulo;SP;Feminino;09/09/2021
374;Sr. Diego Porto;nunesdaniel@uol.com.br;25;Maceio;AL;Masculino;18/10/2023
375;Bianca Aragão;agathamendes@barros.com;35;Sao Bernardo do Campo;SP;Feminino;16/01/2021
376;Gustavo Henrique Azevedo;ubarros@gmail.com;62;Salvador;BA;Feminino;20/08/2020
377;Letícia Costela;camila28@uol.com.br;62;Aracaju;SE;Feminino;05/12/2024
378;Pietro Oliveira;raquel90@das.br;19;Londrina;PR;Masculino;29/09/2023
379;Leandro Barbosa;sofia15@yahoo.com.br;55;Belo Horizonte;MG;Masculino;21/04/2024
380;João Vitor Monteiro;das-nevesmelissa@correia.org;40;Goiania;GO;Masculino;27/03/2022
381;Alexandre Silva;juanazevedo@bol.com.br;46;Santos;SP;Feminino;06/07/2021
382;Rafaela Moraes;alexandregomes@alves.com;55;Maceio;AL;Masculino;01/04/2024
383;Julia Nunes;freitasalice@gmail.com;68;Sao Jose dos Campos;SP;Feminino;05/05/2022
384;Melissa Farias;vitor-hugo91@yahoo.com.br;50;Aracaju;SE;Masculino;17/12/2024
385;Ian Almeida;guilherme45@yahoo.com.br;57;Londrina;PR;Feminino;29/03/2022
386;Luiz Fernando Carvalho;joao-guilhermemoraes@hotmail.com;55;Guarulhos;SP;Masculino;13/05/2024
387;Vicente Duarte;stephanyda-costa@carvalho.com;66;Uberlandia;MG;Masculino;01/07/2020
388;Bernardo da Luz;mcarvalho@uol.com.br;51;Salvador;BA;Masculino;30/11/2022
389;Rafaela Melo;mpires@martins.org;50;Blumenau;SC;Feminino;23/04/2024
390;Benjamin Porto;aragaovitor-gabriel@cunha.com;36;Salvador;BA;Feminino;31/01/2021
391;Leandro Barbosa;sofia15@yahoo.com.br;55;Goiania;GO;Masculino;23/09/2024
392;Gabriela da Paz;felipe98@aragao.net;33;Maceio;AL;Masculino;17/02/2022
393;Juliana Porto;da-conceicaopietra@uol.com.br;29;Santos;SP;Feminino;26/02/2024
394;Bernardo da Luz;mcarvalho@uol.com.br;51;Santos;SP;Feminino;09/08/2024
395;Letícia Costela;camila28@uol.com.br;62;Cuiaba;MT;Feminino;25/06/2022
396;Bianca Aragão;agathamendes@barros.com;35;Sao Bernardo do Campo;SP;Masculino;18/09/2023
397;Ian Almeida;guilherme45@yahoo.com.br;57;Jundiai;SP;Feminino;06/05/2020
398;Ryan Pires;faraujo@castro.br;38;Niteroi;RJ;Masculino;30/04/2024
399;Joaquim Ferreira;leonardo25@hotmail.com;57;Blumenau;SC;Feminino;29/04/2024
400;Leandro Nogueira;ibarros@alves.com;25;Sao Jose dos Campos;SP;Masculino;01/01/2020
401;Kamilly Souza;cunhahenrique@hotmail.com;56;Florianopolis;SC;Feminino;06/04/2023
402;Davi Lucca Ramos;dgomes@hotmail.com;67;Manaus;AM;Feminino;01/07/2024
403;Vitor Gabriel Mendes;ana-julia13@hotmail.com;47;Salvador;BA;Feminino;19/01/2020
404;Eduardo Campos;joao-gabriel32@ferreira.net;40;Jundiai;SP;Feminino;17/09/2023
405;Marcos Vinicius Barbosa;ana-claracampos@bol.com.br;69;Osasco;SP;Feminino;06/08/2021
406;Vicente Duarte;stephanyda-costa@carvalho.com;66;Joinville;SC;Masculino;31/03/2021
407;Marina Cunha;danilonogueira@fogaca.com;65;Manaus;AM;Feminino;14/08/2022
408;Davi da Mata;davi-lucas81@ferreira.com;23;Teresina;PI;Feminino;06/02/2023
409;Heloísa Oliveira;bruno03@gmail.com;19;Balneario Camboriu;SC;Feminino;15/07/2023
410;Bernardo Farias;zpires@da.com;49;Sao Paulo;SP;Masculino;20/03/2021
411;Gustavo Henrique Azevedo;ubarros@gmail.com;62;Salvador;BA;Feminino;17/06/2023
412;Stephany Souza;vbarros@viana.br;70;Brasilia;DF;Masculino;17/08/2023
413;Kevin da Mota;unogueira@monteiro.org;44;Maceio;AL;Feminino;24/08/2021
414;João Vitor Monteiro;das-nevesmelissa@correia.org;40;Vitoria;ES;Feminino;12/04/2020
415;Maria Sophia Cunha;nascimentoalexia@monteiro.br;57;Maceio;AL;Masculino;14/09/2022
416;Benjamin Porto;aragaovitor-gabriel@cunha.com;36;Rio de Janeiro;RJ;Feminino;27/06/2023
417;Bianca Aragão;agathamendes@barros.com;35;Uberlandia;MG;Masculino;16/01/2024
418;Dra. Isis Cardoso;castrokaique@castro.br;62;Balneario Camboriu;SC;Masculino;03/06/2021
419;Alexandre Silva;juanazevedo@bol.com.br;46;Ribeirao Preto;SP;Feminino;22/03/2023
420;Maria Alice Rocha;gustavo79@bol.com.br;59;Campo Grande;MS;Masculino;08/05/2022
421;Maria Sophia Costa;fernando44@novaes.br;62;Vitoria;ES;Feminino;22/06/2020
422;Lorenzo da Cruz;da-cunhamaria-julia@hotmail.com;59;Goiania;GO;Feminino;28/09/2023
423;Otávio Souza;iangoncalves@yahoo.com.br;65;Sorocaba;SP;Masculino;20/08/2024
424;Vitória Carvalho;nunescaio@gmail.com;55;Niteroi;RJ;Masculino;01/10/2022
425;Bruna Vieira;evelyn48@gmail.com;69;Niteroi;RJ;Masculino;06/03/2021
426;Caio Rocha;rporto@uol.com.br;40;Sao Jose dos Campos;SP;Masculino;27/12/2021
427;Dr. Breno Porto;da-luzemilly@bol.com.br;20;Goiania;GO;Feminino;08/09/2024
428;Bernardo da Luz;laurafreitas@da.com;43;Belo Horizonte;MG;Feminino;06/09/2024
429;Benjamin Cardoso;qda-rocha@gmail.com;62;Sao Paulo;SP;Masculino;29/04/2022
430;Luiz Fernando Carvalho;joao-guilhermemoraes@hotmail.com;55;Niteroi;RJ;Feminino;08/08/2024
431;Julia Correia;ana-lauramoraes@uol.com.br;65;Manaus;AM;Feminino;09/09/2023
432;Calebe Nunes;silvadavi-lucas@bol.com.br;70;Londrina;PR;Feminino;16/09/2022
433;Dra. Lavínia da Paz;henrique10@yahoo.com.br;23;Campinas;SP;Feminino;23/08/2024
434;Kamilly Souza;cunhahenrique@hotmail.com;56;Goiania;GO;Masculino;30/09/2021
435;Ian Almeida;guilherme45@yahoo.com.br;57;Joinville;SC;Masculino;23/02/2021
436;Luiz Fernando Carvalho;joao-guilhermemoraes@hotmail.com;55;Rio de Janeiro;RJ;Feminino;16/08/2021
437;Julia Nunes;freitasalice@gmail.com;68;Sorocaba;SP;Masculino;29/04/2021
438;Joaquim Ferreira;leonardo25@hotmail.com;57;Florianopolis;SC;Masculino;09/08/2024
439;Ana Julia Alves;omendes@porto.br;41;Natal;RN;Masculino;09/11/2024
440;Benjamin Porto;aragaovitor-gabriel@cunha.com;36;Santos;SP;Feminino;15/02/2021
441;Juliana Porto;da-conceicaopietra@uol.com.br;29;Recife;PE;Feminino;24/07/2022
442;Julia Nunes;freitasalice@gmail.com;68;Londrina;PR;Feminino;12/01/2023
443;Luna Gomes;fsantos@bol.com.br;62;Santos;SP;Masculino;10/02/2023
444;Danilo Dias;araujolara@da.br;34;Manaus;AM;Feminino;26/10/2024
445;Juliana Porto;da-conceicaopietra@uol.com.br;29;Santos;SP;Feminino;27/11/2020
446;Juliana Porto;da-conceicaopietra@uol.com.br;29;Osasco;SP;Masculino;02/11/2023
447;Joaquim Ferreira;leonardo25@hotmail.com;57;Curitiba;PR;Feminino;13/11/2024
448;Cecília Fogaça;grezende@duarte.com;21;Brasilia;DF;Feminino;16/10/2021
449;Miguel Porto;eloah69@nascimento.org;51;Belem;PA;Masculino;10/02/2020
450;Stephany Souza;vbarros@viana.br;70;Londrina;PR;Masculino;28/11/2024
451;Joana Alves;maitemendes@hotmail.com;67;Jundiai;SP;Masculino;16/08/2022
452;Julia Correia;ana-lauramoraes@uol.com.br;65;Palmas;TO;Feminino;25/12/2024
453;Gabriela da Paz;felipe98@aragao.net;33;Cuiaba;MT;Feminino;14/04/2020
454;Alexandre Silva;juanazevedo@bol.com.br;46;Jundiai;SP;Feminino;20/07/2020
455;Rafaela Moraes;alexandregomes@alves.com;55;Manaus;AM;Masculino;25/03/2021
456;Caio Rocha;rporto@uol.com.br;40;Sao Jose dos Campos;SP;Masculino;13/07/2023
457;Pietro Oliveira;raquel90@das.br;19;Porto Alegre;RS;Feminino;28/06/2022
458;Alexandre Silva;juanazevedo@bol.com.br;46;Vitoria;ES;Feminino;28/07/2020
459;Pedro Henrique Nogueira;da-cruznatalia@melo.com;26;Sorocaba;SP;Masculino;16/07/2021
460;João Miguel Mendes;da-costajoao@hotmail.com;46;Sorocaba;SP;Masculino;15/02/2023
461;Amanda Alves;portoclarice@gmail.com;36;Jundiai;SP;Masculino;13/12/2021
462;Dra. Nina Cunha;da-mataantonio@ig.com.br;62;Joao Pessoa;PB;Masculino;01/11/2023
463;Eduardo Barros;theonunes@gmail.com;36;Sao Bernardo do Campo;SP;Feminino;23/04/2024
464;Ryan Pires;faraujo@castro.br;38;Balneario Camboriu;SC;Masculino;12/04/2024
465;João Vitor Monteiro;das-nevesmelissa@correia.org;40;Vitoria;ES;Feminino;09/02/2022
466;Paulo Mendes;da-conceicaomaite@uol.com.br;27;Florianopolis;SC;Feminino;12/01/2023
467;Dra. Ana Beatriz Freitas;heitor86@ig.com.br;23;Balneario Camboriu;SC;Feminino;29/03/2021
468;Miguel Porto;eloah69@nascimento.org;51;Sao Jose dos Campos;SP;Masculino;28/10/2021
469;Dr. Breno Porto;da-luzemilly@bol.com.br;20;Goiania;GO;Masculino;20/09/2021
470;Dra. Isis Cardoso;castrokaique@castro.br;62;Campinas;SP;Masculino;17/03/2024
471;Ana Vitória Peixoto;henriquecaldeira@das.org;32;Florianopolis;SC;Masculino;16/06/2024
472;Sr. Bernardo Pereira;yfernandes@yahoo.com.br;48;Palmas;TO;Feminino;28/08/2024
473;Marcos Vinicius Barbosa;ana-claracampos@bol.com.br;69;Sorocaba;SP;Masculino;21/01/2021
474;Julia Nunes;freitasalice@gmail.com;68;Blumenau;SC;Masculino;05/10/2023
475;Sr. Bernardo Pereira;yfernandes@yahoo.com.br;48;Natal;RN;Feminino;22/10/2020
476;Calebe Nunes;silvadavi-lucas@bol.com.br;70;Campo Grande;MS;Masculino;14/09/2020
477;Juliana Porto;da-conceicaopietra@uol.com.br;29;Palmas;TO;Feminino;09/01/2023
478;Paulo Mendes;da-conceicaomaite@uol.com.br;27;Aracaju;SE;Feminino;24/09/2020
479;Eduardo Campos;joao-gabriel32@ferreira.net;40;Campinas;SP;Feminino;22/02/2021
480;Eduardo Campos;joao-gabriel32@ferreira.net;40;Teresina;PI;Feminino;22/08/2020
481;Luna Gomes;fsantos@bol.com.br;62;Jundiai;SP;Feminino;27/08/2023
482;Leandro Nogueira;ibarros@alves.com;25;Goiania;GO;Feminino;12/09/2022
483;Marina Cunha;danilonogueira@fogaca.com;65;Teresina;PI;Feminino;12/10/2023
484;Lucca Dias;jsilva@bol.com.br;56;Goiania;GO;Feminino;21/05/2023
485;Maria Sophia Vieira;lfarias@hotmail.com;56;Porto Alegre;RS;Masculino;27/07/2021
486;Juliana Porto;da-conceicaopietra@uol.com.br;29;Curitiba;PR;Masculino;18/02/2020
487;Maria Sophia Vieira;lfarias@hotmail.com;56;Uberlandia;MG;Masculino;24/02/2023
488;Lorenzo Mendes;matheus98@uol.com.br;62;Guarulhos;SP;Masculino;10/08/2020
489;Dra. Nina Cunha;da-mataantonio@ig.com.br;62;Joinville;SC;Feminino;09/07/2022
490;Heloísa Oliveira;bruno03@gmail.com;19;Teresina;PI;Masculino;26/07/2023
491;Dra. Yasmin Taboao;zmendes@souza.org;65;Maceio;AL;Feminino;02/12/2023
492;Maria Sophia Vieira;lfarias@hotmail.com;56;Salvador;BA;Masculino;08/03/2024
493;Dr. Breno Porto;da-luzemilly@bol.com.br;20;Sorocaba;SP;Masculino;10/08/2023
494;Guilherme Barros;davi-luizfarias@barros.net;24;Goiania;GO;Masculino;24/12/2024
495;Sra. Raquel Monteiro;joao-guilherme52@hotmail.com;35;Palmas;TO;Feminino;03/10/2020
496;Julia Nunes;freitasalice@gmail.com;68;Cuiaba;MT;Masculino;01/01/2024
497;Luiz Felipe Almeida;pedro-henriquelima@ig.com.br;48;Jundiai;SP;Feminino;04/02/2023
498;Danilo Dias;araujolara@da.br;34;Florianopolis;SC;Feminino;08/08/2024
499;Gustavo Henrique Azevedo;ubarros@gmail.com;62;Maceio;AL;Masculino;23/02/2021
500;Bernardo da Luz;mcarvalho@uol.com.br;51;Sao Bernardo do Campo;SP;Masculino;02/09/2021
501;Benjamin Cardoso;qda-rocha@gmail.com;62;Sao Bernardo do Campo;SP;Masculino;23/12/2023
502;Kevin da Mota;unogueira@monteiro.org;44;Guarulhos;SP;Feminino;09/01/2021
503;Dr. Breno Porto;da-luzemilly@bol.com.br;20;Joinville;SC;Masculino;13/03/2020
504;Ana Julia Alves;omendes@porto.br;41;Salvador;BA;Feminino;15/07/2024
505;Joaquim Ferreira;leonardo25@hotmail.com;57;Sorocaba;SP;Feminino;19/11/2022
506;Maria Sophia Costa;fernando44@novaes.br;62;Florianopolis;SC;Masculino;26/04/2023
507;Davi Lucca Monteiro;wmoreira@yahoo.com.br;19;Londrina;PR;Masculino;19/10/2023
508;Júlia Vieira;carlos-eduardocunha@santos.com;23;Belem;PA;Feminino;28/12/2024
509;Calebe Nunes;silvadavi-lucas@bol.com.br;70;Joao Pessoa;PB;Feminino;14/01/2024
510;Luiz Felipe Almeida;pedro-henriquelima@ig.com.br;48;Goiania;GO;Feminino;13/07/2020
511;Ryan Pires;faraujo@castro.br;38;Porto Alegre;RS;Masculino;25/03/2023
512;Eduardo Barros;theonunes@gmail.com;36;Manaus;AM;Feminino;10/04/2023
513;Luna Gomes;fsantos@bol.com.br;62;Natal;RN;Masculino;26/04/2022
514;Luiz Felipe Almeida;pedro-henriquelima@ig.com.br;48;Santo Andre;SP;Feminino;30/11/2022
515;Benjamin Cardoso;qda-rocha@gmail.com;62;Curitiba;PR;Feminino;22/12/2022
516;Dr. Breno Porto;da-luzemilly@bol.com.br;20;Campinas;SP;Masculino;23/01/2020
517;Eduardo Campos;joao-gabriel32@ferreira.net;40;Porto Alegre;RS;Feminino;25/12/2020
518;Eduardo Campos;joao-gabriel32@ferreira.net;40;Ribeirao Preto;SP;Masculino;03/01/2023
519;Heloísa Oliveira;bruno03@gmail.com;19;Rio de Janeiro;RJ;Masculino;13/07/2021
520;Melissa Farias;vitor-hugo91@yahoo.com.br;50;Salvador;BA;Feminino;02/11/2021
521;Bernardo Farias;zpires@da.com;49;Londrina;PR;Masculino;15/02/2023
522;Rafaela Peixoto;cunhasophie@hotmail.com;28;Sao Jose dos Campos;SP;Masculino;23/06/2024
523;Vicente Duarte;stephanyda-costa@carvalho.com;66;Santo Andre;SP;Feminino;04/11/2023
524;Eduardo Barros;theonunes@gmail.com;36;Teresina;PI;Masculino;09/11/2021
525;Leandro Nogueira;ibarros@alves.com;25;Recife;PE;Masculino;06/08/2023
526;Juliana Duarte;cardosoana-beatriz@teixeira.com;19;Sao Paulo;SP;Masculino;15/03/2021
527;Luiz Felipe Almeida;pedro-henriquelima@ig.com.br;48;Aracaju;SE;Feminino;18/08/2024
528;Rafaela Peixoto;cunhasophie@hotmail.com;28;Natal;RN;Masculino;21/07/2022
529;Lorenzo Mendes;matheus98@uol.com.br;62;Curitiba;PR;Feminino;07/01/2020
530;Miguel Porto;eloah69@nascimento.org;51;Palmas;TO;Feminino;04/05/2023
531;Leandro Barbosa;sofia15@yahoo.com.br;55;Brasilia;DF;Masculino;24/02/2021
532;Juliana Duarte;cardosoana-beatriz@teixeira.com;19;Jundiai;SP;Masculino;10/05/2024
533;Sr. Bernardo Pereira;yfernandes@yahoo.com.br;48;Fortaleza;CE;Masculino;12/04/2022
534;Juliana Porto;da-conceicaopietra@uol.com.br;29;Joinville;SC;Feminino;01/05/2023
535;Dra. Nina Cunha;da-mataantonio@ig.com.br;62;Teresina;PI;Masculino;12/07/2021
536;Maria Sophia Vieira;lfarias@hotmail.com;56;Sao Bernardo do Campo;SP;Masculino;17/03/2023
537;Luiz Felipe Almeida;pedro-henriquelima@ig.com.br;48;Ribeirao Preto;SP;Masculino;15/12/2024
538;Srta. Eloah Melo;raragao@da.net;26;Manaus;AM;Masculino;19/08/2024
539;Dr. Breno Porto;da-luzemilly@bol.com.br;20;Santos;SP;Masculino;10/05/2023
540;Bianca Aragão;agathamendes@barros.com;35;Teresina;PI;Feminino;07/01/2024
541;Isabelly Santos;ferreirayago@yahoo.com.br;48;Sao Bernardo do Campo;SP;Feminino;02/07/2022
542;Vitor Gabriel Mendes;ana-julia13@hotmail.com;47;Belo Horizonte;MG;Masculino;13/12/2023
543;Calebe Nunes;silvadavi-lucas@bol.com.br;70;Campinas;SP;Masculino;21/12/2023
544;Ian Almeida;guilherme45@yahoo.com.br;57;Uberlandia;MG;Masculino;03/10/2022
545;Luigi Lopes;santosalice@dias.br;28;Campo Grande;MS;Masculino;11/02/2024
546;Gabriel Lopes;nathan70@das.net;54;Uberlandia;MG;Feminino;07/02/2024
547;Bianca Aragão;agathamendes@barros.com;35;Recife;PE;Masculino;05/05/2020
548;Lucca Dias;jsilva@bol.com.br;56;Sao Bernardo do Campo;SP;Feminino;29/01/2021
549;Maria Sophia Cunha;nascimentoalexia@monteiro.br;57;Sao Paulo;SP;Feminino;27/03/2022
550;Rafael Rodrigues;icunha@da.com;21;Belo Horizonte;MG;Masculino;30/05/2022
551;Vicente Duarte;stephanyda-costa@carvalho.com;66;Campinas;SP;Feminino;29/07/2021
552;Vicente Duarte;stephanyda-costa@carvalho.com;66;Uberlandia;MG;Feminino;20/11/2020
553;Guilherme Barros;davi-luizfarias@barros.net;24;Palmas;TO;Feminino;16/11/2023
554;Ana Julia Alves;omendes@porto.br;41;Niteroi;RJ;Feminino;18/07/2022
555;Davi da Mata;davi-lucas81@ferreira.com;23;Santo Andre;SP;Masculino;07/09/2024
556;Lucca Dias;jsilva@bol.com.br;56;Fortaleza;CE;Masculino;09/07/2024
557;Bernardo da Luz;mcarvalho@uol.com.br;51;Balneario Camboriu;SC;Feminino;03/01/2024
558;Bruna Vieira;evelyn48@gmail.com;69;Cuiaba;MT;Masculino;12/05/2023
559;Vicente Duarte;stephanyda-costa@carvalho.com;66;Maceio;AL;Masculino;18/02/2024
560;Dra. Ana Beatriz Freitas;heitor86@ig.com.br;23;Cuiaba;MT;Masculino;12/04/2022
561;João Felipe Moura;da-conceicaomaria@nogueira.com;43;Belem;PA;Masculino;20/11/2022
562;Davi da Mata;davi-lucas81@ferreira.com;23;Sao Jose dos Campos;SP;Masculino;12/11/2023
563;Leonardo Pereira;mouranathan@mendes.br;36;Jundiai;SP;Feminino;06/07/2024
564;Davi Lucca Monteiro;wmoreira@yahoo.com.br;19;Sorocaba;SP;Masculino;28/12/2023
565;Dra. Isis Cardoso;castrokaique@castro.br;62;Teresina;PI;Masculino;16/04/2022
566;Lucca Dias;jsilva@bol.com.br;56;Campo Grande;MS;Masculino;14/07/2022
567;Leandro Barbosa;sofia15@yahoo.com.br;55;Joao Pessoa;PB;Masculino;31/10/2023
568;Letícia Costela;camila28@uol.com.br;62;Guarulhos;SP;Feminino;29/09/2023
569;Vitor Gabriel Mendes;ana-julia13@hotmail.com;47;Sao Luis;MA;Feminino;18/03/2021
570;Rafael Rodrigues;icunha@da.com;21;Joinville;SC;Feminino;21/05/2024
571;Luiz Fernando Carvalho;joao-guilhermemoraes@hotmail.com;55;Sao Paulo;SP;Feminino;15/03/2020
572;Maria Duarte;miguelsilveira@uol.com.br;25;Belo Horizonte;MG;Masculino;10/07/2021
573;Eduardo Campos;joao-gabriel32@ferreira.net;40;Maceio;AL;Feminino;30/11/2024
574;Caio Rocha;rporto@uol.com.br;40;Florianopolis;SC;Masculino;16/08/2024
575;Gustavo Henrique Azevedo;ubarros@gmail.com;62;Belem;PA;Masculino;24/03/2023
576;Kevin da Mota;unogueira@monteiro.org;44;Goiania;GO;Masculino;24/12/2023
577;João Felipe Moura;da-conceicaomaria@nogueira.com;43;Manaus;AM;Masculino;28/12/2020
578;Eduardo Campos;joao-gabriel32@ferreira.net;40;Balneario Camboriu;SC;Masculino;23/03/2021
579;Lorenzo Mendes;matheus98@uol.com.br;62;Maceio;AL;Feminino;11/06/2023
580;Maria Alice Rocha;gustavo79@bol.com.br;59;Recife;PE;Feminino;05/05/2024
581;João Miguel Mendes;da-costajoao@hotmail.com;46;Santo Andre;SP;Feminino;18/09/2020
582;Juliana Porto;da-conceicaopietra@uol.com.br;29;Goiania;GO;Feminino;04/05/2020
583;Vitor da Cruz;fernandorezende@yahoo.com.br;51;Vitoria;ES;Masculino;29/06/2022
584;Davi Lucca Monteiro;wmoreira@yahoo.com.br;19;Uberlandia;MG;Feminino;01/09/2020
585;Lorenzo da Cruz;da-cunhamaria-julia@hotmail.com;59;Recife;PE;Masculino;25/06/2021
586;Dra. Yasmin Taboao;zmendes@souza.org;65;Uberlandia;MG;Feminino;29/04/2021
587;Sr. Guilherme Rezende;cavalcantieloah@barbosa.net;57;Jundiai;SP;Masculino;01/05/2020
588;Lorenzo da Cruz;da-cunhamaria-julia@hotmail.com;59;Santos;SP;Masculino;04/05/2020
589;Juliana Duarte;cardosoana-beatriz@teixeira.com;19;Recife;PE;Feminino;21/04/2024
590;Thomas Barbosa;qpires@uol.com.br;26;Uberlandia;MG;Masculino;18/06/2020
591;Bianca Aragão;agathamendes@barros.com;35;Uberlandia;MG;Masculino;03/05/2020
592;Sra. Raquel Monteiro;joao-guilherme52@hotmail.com;35;Sao Jose dos Campos;SP;Feminino;24/11/2022
593;João Vitor Monteiro;das-nevesmelissa@correia.org;40;Jundiai;SP;Masculino;15/01/2023
594;Cecília Fogaça;grezende@duarte.com;21;Ribeirao Preto;SP;Feminino;07/10/2021
595;João Vitor Monteiro;das-nevesmelissa@correia.org;40;Natal;RN;Feminino;27/09/2024
596;Lorenzo da Cruz;da-cunhamaria-julia@hotmail.com;59;Porto Alegre;RS;Feminino;24/02/2022
597;Bianca Viana;mendessophia@bol.com.br;41;Niteroi;RJ;Masculino;19/07/2020
598;Dra. Nina Cunha;da-mataantonio@ig.com.br;62;Campo Grande;MS;Masculino;03/01/2021
599;Bianca Aragão;agathamendes@barros.com;35;Campinas;SP;Masculino;07/03/2022
600;Leandro Nogueira;ibarros@alves.com;25;Uberlandia;MG;Feminino;17/03/2020
601;Luna Gomes;fsantos@bol.com.br;62;Londrina;PR;Masculino;28/02/2020
602;Dra. Nina Cunha;da-mataantonio@ig.com.br;62;Campinas;SP;Feminino;06/03/2021
603;Sr. Diego Porto;nunesdaniel@uol.com.br;25;Sorocaba;SP;Feminino;29/09/2021
604;Lucca Dias;jsilva@bol.com.br;56;Fortaleza;CE;Masculino;03/03/2024
605;Paulo Mendes;da-conceicaomaite@uol.com.br;27;Joao Pessoa;PB;Feminino;18/04/2020
606;Dra. Isis Cardoso;castrokaique@castro.br;62;Salvador;BA;Masculino;25/10/2024
607;Leandro Nogueira;ibarros@alves.com;25;Palmas;TO;Masculino;04/10/2022
608;Dra. Yasmin Taboao;zmendes@souza.org;65;Rio de Janeiro;RJ;Masculino;25/07/2023
609;João Vitor Monteiro;das-nevesmelissa@correia.org;40;Manaus;AM;Masculino;08/03/2020
610;Ana Vitória Peixoto;henriquecaldeira@das.org;32;Blumenau;SC;Masculino;28/12/2022
611;Marcos Vinicius Barbosa;ana-claracampos@bol.com.br;69;Salvador;BA;Feminino;03/04/2023
612;Luna Gomes;fsantos@bol.com.br;62;Niteroi;RJ;Feminino;21/02/2024
613;Gabriel Lopes;nathan70@das.net;54;Sao Paulo;SP;Feminino;31/10/2020
614;Dra. Yasmin Taboao;zmendes@souza.org;65;Joao Pessoa;PB;Masculino;04/11/2021
615;Joaquim Ferreira;leonardo25@hotmail.com;57;Balneario Camboriu;SC;Masculino;30/12/2020
616;Dra. Isis Cardoso;castrokaique@castro.br;62;Belem;PA;Masculino;31/03/2022
617;Mariana Costela;fda-paz@ig.com.br;41;Cuiaba;MT;Feminino;03/11/2023
618;Sr. Bernardo Pereira;yfernandes@yahoo.com.br;48;Santos;SP;Masculino;08/12/2020
619;Cecília Fogaça;grezende@duarte.com;21;Palmas;TO;Feminino;04/08/2022
620;Rafaela Peixoto;cunhasophie@hotmail.com;28;Aracaju;SE;Feminino;17/06/2022
621;Lucca Dias;jsilva@bol.com.br;56;Ribeirao Preto;SP;Masculino;26/04/2024
622;Guilherme Barros;davi-luizfarias@barros.net;24;Campinas;SP;Masculino;09/10/2023
623;Sr. Bernardo Pereira;yfernandes@yahoo.com.br;48;Niteroi;RJ;Feminino;10/12/2023
624;Benjamin Cardoso;qda-rocha@gmail.com;62;Osasco;SP;Masculino;06/02/2023
625;Marina Cunha;danilonogueira@fogaca.com;65;Sorocaba;SP;Feminino;05/05/2024
626;Srta. Rebeca Nunes;correiabreno@porto.br;28;Sao Paulo;SP;Masculino;31/01/2022
627;Leonardo da Rosa;tmendes@santos.br;52;Cuiaba;MT;Masculino;29/02/2024
628;Júlia Vieira;carlos-eduardocunha@santos.com;23;Fortaleza;CE;Feminino;06/12/2020
629;Leandro Barbosa;sofia15@yahoo.com.br;55;Uberlandia;MG;Masculino;30/07/2022
630;Miguel Porto;eloah69@nascimento.org;51;Natal;RN;Feminino;17/01/2021
631;Dra. Catarina da Rosa;pTaboao@costela.com;24;Salvador;BA;Masculino;30/09/2022
632;Dr. Breno Porto;da-luzemilly@bol.com.br;20;Joinville;SC;Feminino;05/04/2024
633;Luiz Felipe Almeida;pedro-henriquelima@ig.com.br;48;Salvador;BA;Feminino;26/10/2020
634;João Vitor Monteiro;das-nevesmelissa@correia.org;40;Santo Andre;SP;Masculino;18/05/2020
635;Lucca Dias;jsilva@bol.com.br;56;Belo Horizonte;MG;Feminino;24/12/2020
636;Benjamin Porto;aragaovitor-gabriel@cunha.com;36;Florianopolis;SC;Masculino;15/04/2022
637;Miguel Porto;eloah69@nascimento.org;51;Sao Jose dos Campos;SP;Masculino;02/03/2024
638;Melissa Farias;vitor-hugo91@yahoo.com.br;50;Sao Jose dos Campos;SP;Masculino;09/11/2023
639;Rafaela Peixoto;cunhasophie@hotmail.com;28;Manaus;AM;Feminino;15/06/2024
640;Pietro Oliveira;raquel90@das.br;19;Manaus;AM;Feminino;27/07/2023
641;Leandro Nogueira;ibarros@alves.com;25;Teresina;PI;Masculino;18/07/2024
642;Dr. Breno Porto;da-luzemilly@bol.com.br;20;Natal;RN;Masculino;27/04/2021
643;Maria Sophia Costa;fernando44@novaes.br;62;Cuiaba;MT;Feminino;27/06/2022
644;Bernardo Farias;zpires@da.com;49;Guarulhos;SP;Masculino;08/02/2023
645;Pietro Oliveira;raquel90@das.br;19;Porto Alegre;RS;Masculino;15/05/2022
646;Stephany Souza;vbarros@viana.br;70;Sao Paulo;SP;Feminino;18/05/2020
647;Juliana Porto;da-conceicaopietra@uol.com.br;29;Campinas;SP;Masculino;22/09/2022
648;Bernardo Farias;zpires@da.com;49;Brasilia;DF;Feminino;10/03/2021
649;Bernardo da Luz;laurafreitas@da.com;43;Sao Paulo;SP;Masculino;23/05/2021
650;Leandro Barbosa;sofia15@yahoo.com.br;55;Balneario Camboriu;SC;Feminino;29/09/2020
651;Pedro Henrique Nogueira;da-cruznatalia@melo.com;26;Osasco;SP;Masculino;27/01/2023
652;Rafael Rodrigues;icunha@da.com;21;Uberlandia;MG;Masculino;22/11/2024
653;Luiz Fernando Carvalho;joao-guilhermemoraes@hotmail.com;55;Joinville;SC;Feminino;13/04/2020
654;Gustavo Henrique Azevedo;ubarros@gmail.com;62;Recife;PE;Masculino;22/05/2023
655;Vitor da Cruz;fernandorezende@yahoo.com.br;51;Sao Bernardo do Campo;SP;Feminino;19/11/2024
656;Rafaela Melo;mpires@martins.org;50;Santos;SP;Masculino;14/08/2024
657;Benjamin Cardoso;qda-rocha@gmail.com;62;Osasco;SP;Feminino;31/01/2022
658;Marina Cunha;danilonogueira@fogaca.com;65;Belo Horizonte;MG;Feminino;25/02/2022
659;João Felipe Moura;da-conceicaomaria@nogueira.com;43;Goiania;GO;Feminino;13/06/2020
660;Juliana Porto;da-conceicaopietra@uol.com.br;29;Sao Paulo;SP;Feminino;25/09/2022
661;Marcos Vinicius Barbosa;ana-claracampos@bol.com.br;69;Salvador;BA;Masculino;03/06/2021
662;Maria Alice Rocha;gustavo79@bol.com.br;59;Blumenau;SC;Masculino;31/07/2023
663;Letícia Costela;camila28@uol.com.br;62;Blumenau;SC;Feminino;31/05/2021
664;Dra. Isis Cardoso;castrokaique@castro.br;62;Natal;RN;Feminino;18/10/2021
665;Dra. Ana Beatriz Freitas;heitor86@ig.com.br;23;Florianopolis;SC;Feminino;04/09/2021
666;Stephany Souza;vbarros@viana.br;70;Sao Luis;MA;Masculino;12/06/2020
667;Marina Cunha;danilonogueira@fogaca.com;65;Sao Jose dos Campos;SP;Masculino;09/08/2024
668;Maria Sophia Cunha;nascimentoalexia@monteiro.br;57;Cuiaba;MT;Masculino;04/03/2020
669;Davi Lucca Ramos;dgomes@hotmail.com;67;Guarulhos;SP;Masculino;19/01/2023
670;Kamilly Souza;cunhahenrique@hotmail.com;56;Rio de Janeiro;RJ;Feminino;14/02/2023
671;Pedro Henrique Nogueira;da-cruznatalia@melo.com;26;Belem;PA;Feminino;23/09/2020
672;Davi Lucca Monteiro;wmoreira@yahoo.com.br;19;Sao Bernardo do Campo;SP;Feminino;04/09/2024
673;Sr. Diego Porto;nunesdaniel@uol.com.br;25;Santo Andre;SP;Masculino;01/05/2024
674;Gabrielly Cunha;davi-luccadas-neves@bol.com.br;42;Osasco;SP;Masculino;09/03/2023
675;Dra. Catarina da Rosa;pTaboao@costela.com;24;Santo Andre;SP;Masculino;02/09/2020
676;Caio Rocha;rporto@uol.com.br;40;Osasco;SP;Feminino;11/08/2024
677;Bruna Vieira;evelyn48@gmail.com;69;Joao Pessoa;PB;Feminino;16/11/2024
678;Joaquim Ferreira;leonardo25@hotmail.com;57;Blumenau;SC;Masculino;29/01/2021
679;Marcos Vinicius Barbosa;ana-claracampos@bol.com.br;69;Sao Luis;MA;Feminino;19/02/2024
680;Srta. Rebeca Nunes;correiabreno@porto.br;28;Ribeirao Preto;SP;Masculino;20/04/2021
681;Dra. Yasmin Taboao;zmendes@souza.org;65;Osasco;SP;Masculino;20/03/2024
682;Otávio Souza;iangoncalves@yahoo.com.br;65;Santo Andre;SP;Feminino;03/09/2022
683;Srta. Eloah Melo;raragao@da.net;26;Niteroi;RJ;Masculino;22/04/2023
684;Lorenzo da Cruz;da-cunhamaria-julia@hotmail.com;59;Vitoria;ES;Feminino;09/11/2022
685;Joana Alves;maitemendes@hotmail.com;67;Sao Luis;MA;Masculino;11/07/2021
686;Isadora Correia;gabrielaTaboao@duarte.com;44;Blumenau;SC;Feminino;14/10/2022
687;Sr. Bernardo Pereira;yfernandes@yahoo.com.br;48;Natal;RN;Feminino;27/03/2024
688;Guilherme Barros;davi-luizfarias@barros.net;24;Salvador;BA;Feminino;24/05/2024
689;Gabriela da Paz;felipe98@aragao.net;33;Londrina;PR;Masculino;01/04/2024
690;Bernardo Farias;zpires@da.com;49;Brasilia;DF;Masculino;01/06/2022
691;Luigi Lopes;santosalice@dias.br;28;Manaus;AM;Feminino;26/05/2020
692;João Felipe Moura;da-conceicaomaria@nogueira.com;43;Natal;RN;Feminino;27/10/2021
693;Eduardo Campos;joao-gabriel32@ferreira.net;40;Manaus;AM;Masculino;20/08/2023
694;Sr. Bernardo Pereira;yfernandes@yahoo.com.br;48;Natal;RN;Masculino;11/09/2021
695;Bernardo Farias;zpires@da.com;49;Campo Grande;MS;Masculino;06/11/2024
696;Bernardo da Luz;mcarvalho@uol.com.br;51;Vitoria;ES;Feminino;30/03/2022
697;Otávio Souza;iangoncalves@yahoo.com.br;65;Salvador;BA;Masculino;13/05/2022
698;Dra. Isis Cardoso;castrokaique@castro.br;62;Osasco;SP;Masculino;04/08/2021
699;Calebe Nunes;silvadavi-lucas@bol.com.br;70;Fortaleza;CE;Feminino;19/10/2022
700;Juliana Porto;da-conceicaopietra@uol.com.br;29;Rio de Janeiro;RJ;Masculino;25/11/2021
701;Vitória Carvalho;nunescaio@gmail.com;55;Campinas;SP;Masculino;20/11/2024
702;Calebe Nunes;silvadavi-lucas@bol.com.br;70;Belem;PA;Masculino;05/06/2023
703;Pietra Sales;usilveira@ig.com.br;45;Florianopolis;SC;Feminino;30/01/2023
704;Guilherme Barros;davi-luizfarias@barros.net;24;Maceio;AL;Feminino;29/05/2024
705;Bernardo Farias;zpires@da.com;49;Joinville;SC;Feminino;11/12/2023
706;Maria Sophia Vieira;lfarias@hotmail.com;56;Belem;PA;Feminino;24/05/2023
707;Sofia Rocha;icardoso@goncalves.net;38;Maceio;AL;Feminino;10/02/2021
708;Enzo Silveira;bmoura@ferreira.com;69;Recife;PE;Feminino;02/02/2021
709;Calebe Nunes;silvadavi-lucas@bol.com.br;70;Brasilia;DF;Feminino;15/12/2021
710;Luna Gomes;fsantos@bol.com.br;62;Brasilia;DF;Masculino;04/12/2021
711;Julia Nunes;freitasalice@gmail.com;68;Palmas;TO;Masculino;30/01/2022
712;Benjamin Porto;aragaovitor-gabriel@cunha.com;36;Belo Horizonte;MG;Feminino;13/05/2021
713;Larissa Gomes;cauasilva@da.net;68;Balneario Camboriu;SC;Masculino;12/11/2024
714;Vicente Duarte;stephanyda-costa@carvalho.com;66;Belo Horizonte;MG;Masculino;28/01/2024
715;Gabrielly Cunha;davi-luccadas-neves@bol.com.br;42;Ribeirao Preto;SP;Feminino;10/09/2024
716;Amanda Alves;portoclarice@gmail.com;36;Londrina;PR;Masculino;31/08/2022
717;Juliana Porto;da-conceicaopietra@uol.com.br;29;Balneario Camboriu;SC;Masculino;20/10/2024
718;Leonardo Pereira;mouranathan@mendes.br;36;Teresina;PI;Masculino;22/03/2020
719;Otávio Souza;iangoncalves@yahoo.com.br;65;Cuiaba;MT;Masculino;26/08/2021
720;Ian Almeida;guilherme45@yahoo.com.br;57;Salvador;BA;Masculino;06/09/2024
721;Otávio Souza;iangoncalves@yahoo.com.br;65;Joao Pessoa;PB;Feminino;09/11/2024
722;Guilherme Barros;davi-luizfarias@barros.net;24;Uberlandia;MG;Feminino;10/02/2022
723;Ryan Pires;faraujo@castro.br;38;Aracaju;SE;Feminino;21/06/2022
724;Sr. Guilherme Rezende;cavalcantieloah@barbosa.net;57;Cuiaba;MT;Masculino;30/12/2020
725;Isabelly Santos;ferreirayago@yahoo.com.br;48;Fortaleza;CE;Feminino;11/06/2020
726;Melissa Farias;vitor-hugo91@yahoo.com.br;50;Sao Paulo;SP;Masculino;07/12/2022
727;Vitor da Cruz;fernandorezende@yahoo.com.br;51;Salvador;BA;Masculino;25/05/2021
728;Lorenzo da Cruz;da-cunhamaria-julia@hotmail.com;59;Goiania;GO;Masculino;14/09/2023
729;João Vitor Monteiro;das-nevesmelissa@correia.org;40;Santos;SP;Masculino;25/04/2020
730;Sr. Bernardo Pereira;yfernandes@yahoo.com.br;48;Osasco;SP;Feminino;29/07/2022
731;Vitória Carvalho;nunescaio@gmail.com;55;Guarulhos;SP;Feminino;02/12/2020
732;Maria Sophia Costa;fernando44@novaes.br;62;Santos;SP;Masculino;30/05/2022
733;Rafaela Melo;mpires@martins.org;50;Ribeirao Preto;SP;Feminino;06/01/2022
734;Ryan Pires;faraujo@castro.br;38;Porto Alegre;RS;Masculino;19/04/2022
735;Cecília Fogaça;grezende@duarte.com;21;Santos;SP;Feminino;26/05/2020
736;Bernardo da Luz;laurafreitas@da.com;43;Aracaju;SE;Feminino;17/05/2024
737;Julia Correia;ana-lauramoraes@uol.com.br;65;Blumenau;SC;Masculino;08/09/2023
738;Isadora Correia;gabrielaTaboao@duarte.com;44;Natal;RN;Feminino;18/03/2021
739;Maria Sophia Vieira;lfarias@hotmail.com;56;Santos;SP;Masculino;16/04/2022
740;Gabriela da Paz;felipe98@aragao.net;33;Jundiai;SP;Feminino;02/11/2022
741;Sofia Rocha;icardoso@goncalves.net;38;Sao Paulo;SP;Masculino;31/07/2022
742;Dr. Breno Porto;da-luzemilly@bol.com.br;20;Recife;PE;Masculino;26/02/2024
743;Luiz Fernando Carvalho;joao-guilhermemoraes@hotmail.com;55;Sorocaba;SP;Feminino;20/09/2024
744;Maria Sophia Costa;fernando44@novaes.br;62;Sao Luis;MA;Feminino;13/10/2020
745;Vitor da Cruz;fernandorezende@yahoo.com.br;51;Aracaju;SE;Masculino;20/12/2021
746;Lucca Dias;jsilva@bol.com.br;56;Guarulhos;SP;Feminino;11/02/2023
747;João Felipe Moura;da-conceicaomaria@nogueira.com;43;Santos;SP;Feminino;24/04/2021
748;Dra. Nina Cunha;da-mataantonio@ig.com.br;62;Uberlandia;MG;Masculino;22/01/2020
749;Dr. Breno Porto;da-luzemilly@bol.com.br;20;Florianopolis;SC;Masculino;04/10/2023
750;Pietra Sales;usilveira@ig.com.br;45;Guarulhos;SP;Feminino;15/10/2024
751;Benjamin Cardoso;qda-rocha@gmail.com;62;Vitoria;ES;Masculino;13/11/2021
752;Bianca Aragão;agathamendes@barros.com;35;Rio de Janeiro;RJ;Masculino;08/05/2024
753;Leonardo da Rosa;tmendes@santos.br;52;Santos;SP;Masculino;24/06/2022
754;Caio Rocha;rporto@uol.com.br;40;Guarulhos;SP;Feminino;15/11/2020
755;Calebe Nunes;silvadavi-lucas@bol.com.br;70;Curitiba;PR;Feminino;05/05/2020
756;Lorenzo da Cruz;da-cunhamaria-julia@hotmail.com;59;Belo Horizonte;MG;Masculino;03/10/2020
757;Eduardo Campos;joao-gabriel32@ferreira.net;40;Florianopolis;SC;Feminino;12/05/2023
758;Caio Rocha;rporto@uol.com.br;40;Joao Pessoa;PB;Masculino;12/07/2020
759;Juliana Porto;da-conceicaopietra@uol.com.br;29;Santo Andre;SP;Feminino;31/08/2024
760;Alexandre Silva;juanazevedo@bol.com.br;46;Sorocaba;SP;Masculino;14/08/2024
761;Maria Sophia Cunha;nascimentoalexia@monteiro.br;57;Sao Luis;MA;Masculino;19/04/2024
762;Leonardo da Rosa;tmendes@santos.br;52;Palmas;TO;Feminino;26/11/2021
763;Calebe Nunes;silvadavi-lucas@bol.com.br;70;Sao Jose dos Campos;SP;Masculino;02/08/2023
764;Lavínia Araújo;ana-julia57@bol.com.br;32;Uberlandia;MG;Feminino;26/02/2020
765;Rafaela Peixoto;cunhasophie@hotmail.com;28;Manaus;AM;Feminino;23/10/2024
766;Sra. Raquel Monteiro;joao-guilherme52@hotmail.com;35;Sao Bernardo do Campo;SP;Masculino;19/08/2023
767;Davi Lucca Ramos;dgomes@hotmail.com;67;Natal;RN;Masculino;01/04/2023
768;Julia Nunes;freitasalice@gmail.com;68;Sao Bernardo do Campo;SP;Feminino;19/01/2020
769;Marcos Vinicius Barbosa;ana-claracampos@bol.com.br;69;Aracaju;SE;Masculino;25/10/2023
770;Thomas Barbosa;qpires@uol.com.br;26;Santos;SP;Masculino;20/09/2020
771;Vicente Duarte;stephanyda-costa@carvalho.com;66;Palmas;TO;Masculino;04/03/2022
772;Gabriel Lopes;nathan70@das.net;54;Natal;RN;Masculino;22/04/2020
773;Enzo Silveira;bmoura@ferreira.com;69;Campinas;SP;Masculino;20/02/2024
774;Calebe Nunes;silvadavi-lucas@bol.com.br;70;Campo Grande;MS;Feminino;12/09/2023
775;Davi Lucca Monteiro;wmoreira@yahoo.com.br;19;Palmas;TO;Feminino;25/06/2021
776;Dra. Isis Cardoso;castrokaique@castro.br;62;Brasilia;DF;Masculino;08/10/2021
777;Letícia Costela;camila28@uol.com.br;62;Manaus;AM;Masculino;01/08/2021
778;Rafael Rodrigues;icunha@da.com;21;Belo Horizonte;MG;Masculino;24/12/2022
779;Amanda Alves;portoclarice@gmail.com;36;Joao Pessoa;PB;Feminino;08/08/2023
780;Bianca Viana;mendessophia@bol.com.br;41;Jundiai;SP;Masculino;25/01/2020
781;Luiz Felipe Almeida;pedro-henriquelima@ig.com.br;48;Aracaju;SE;Feminino;21/04/2024
782;Ryan Pires;faraujo@castro.br;38;Osasco;SP;Feminino;01/01/2020
783;Benjamin Porto;aragaovitor-gabriel@cunha.com;36;Recife;PE;Feminino;29/06/2022
784;Kamilly Souza;cunhahenrique@hotmail.com;56;Teresina;PI;Masculino;21/04/2024
785;Juliana Duarte;cardosoana-beatriz@teixeira.com;19;Sao Jose dos Campos;SP;Feminino;20/05/2020
786;Larissa Gomes;cauasilva@da.net;68;Fortaleza;CE;Masculino;02/11/2024
787;Ana Vitória Peixoto;henriquecaldeira@das.org;32;Santos;SP;Feminino;09/10/2021
788;Pedro Henrique Nogueira;da-cruznatalia@melo.com;26;Osasco;SP;Masculino;06/07/2020
789;Vicente Duarte;stephanyda-costa@carvalho.com;66;Fortaleza;CE;Feminino;25/02/2023
790;Bruna Vieira;evelyn48@gmail.com;69;Sao Jose dos Campos;SP;Masculino;19/07/2020
791;Rafaela Melo;mpires@martins.org;50;Niteroi;RJ;Feminino;24/02/2023
792;Dra. Nina Cunha;da-mataantonio@ig.com.br;62;Aracaju;SE;Masculino;13/09/2020
793;Cecília Fogaça;grezende@duarte.com;21;Cuiaba;MT;Masculino;26/08/2024
794;Sr. Emanuel da Conceição;renan57@da.net;18;Fortaleza;CE;Masculino;30/06/2021
795;Melissa Farias;vitor-hugo91@yahoo.com.br;50;Fortaleza;CE;Masculino;12/07/2020
796;Kevin da Mota;unogueira@monteiro.org;44;Brasilia;DF;Feminino;03/12/2021
797;Julia Nunes;freitasalice@gmail.com;68;Blumenau;SC;Feminino;01/02/2023
798;Dra. Yasmin Taboao;zmendes@souza.org;65;Belem;PA;Masculino;07/04/2024
799;Joaquim Ferreira;leonardo25@hotmail.com;57;Blumenau;SC;Feminino;12/07/2023
800;Mariana Costela;fda-paz@ig.com.br;41;Joinville;SC;Masculino;12/03/2022
801;Davi Lucca Ramos;dgomes@hotmail.com;67;Vitoria;ES;Masculino;30/07/2022
802;Cecília Fogaça;grezende@duarte.com;21;Porto Alegre;RS;Feminino;08/11/2023
803;Enzo Silveira;bmoura@ferreira.com;69;Belo Horizonte;MG;Masculino;07/07/2023
804;Vicente Duarte;stephanyda-costa@carvalho.com;66;Joinville;SC;Masculino;17/02/2021
805;Dra. Lavínia da Paz;henrique10@yahoo.com.br;23;Sao Jose dos Campos;SP;Feminino;13/10/2023
806;João Vitor Monteiro;das-nevesmelissa@correia.org;40;Jundiai;SP;Masculino;03/01/2023
807;Maria Sophia Vieira;lfarias@hotmail.com;56;Vitoria;ES;Masculino;10/10/2023
808;Sr. Guilherme Rezende;cavalcantieloah@barbosa.net;57;Joinville;SC;Masculino;26/05/2024
809;Paulo Mendes;da-conceicaomaite@uol.com.br;27;Fortaleza;CE;Masculino;29/11/2024
810;Amanda Alves;portoclarice@gmail.com;36;Rio de Janeiro;RJ;Feminino;28/06/2022
811;Calebe Nunes;silvadavi-lucas@bol.com.br;70;Campo Grande;MS;Feminino;06/07/2020
812;Maria Duarte;miguelsilveira@uol.com.br;25;Uberlandia;MG;Feminino;04/09/2024
813;Luiz Felipe Almeida;pedro-henriquelima@ig.com.br;48;Belem;PA;Masculino;06/08/2023
814;Leandro Barbosa;sofia15@yahoo.com.br;55;Brasilia;DF;Masculino;14/02/2020
815;Pedro Henrique Nogueira;da-cruznatalia@melo.com;26;Sao Luis;MA;Feminino;15/05/2024
816;Sofia Rocha;icardoso@goncalves.net;38;Fortaleza;CE;Masculino;23/03/2020
817;Pietro Oliveira;raquel90@das.br;19;Blumenau;SC;Masculino;20/02/2023
818;Leandro Nogueira;ibarros@alves.com;25;Santo Andre;SP;Masculino;23/12/2020
819;Pietro Oliveira;raquel90@das.br;19;Rio de Janeiro;RJ;Masculino;31/03/2024
820;Sr. Diego Porto;nunesdaniel@uol.com.br;25;Sao Luis;MA;Feminino;25/12/2022
821;João Felipe Moura;da-conceicaomaria@nogueira.com;43;Belem;PA;Feminino;24/07/2022
822;João Felipe Moura;da-conceicaomaria@nogueira.com;43;Recife;PE;Feminino;07/08/2024
823;Dra. Catarina da Rosa;pTaboao@costela.com;24;Santos;SP;Masculino;09/01/2021
824;Marcos Vinicius Barbosa;ana-claracampos@bol.com.br;69;Salvador;BA;Feminino;10/06/2020
825;Melissa Farias;vitor-hugo91@yahoo.com.br;50;Fortaleza;CE;Feminino;04/11/2024
826;Júlia Vieira;carlos-eduardocunha@santos.com;23;Santos;SP;Masculino;04/11/2023
827;Thomas Barbosa;qpires@uol.com.br;26;Brasilia;DF;Masculino;06/08/2024
828;Maria Sophia Vieira;lfarias@hotmail.com;56;Teresina;PI;Feminino;13/10/2023
829;Ana Julia Alves;omendes@porto.br;41;Campo Grande;MS;Feminino;26/04/2023
830;Otávio Souza;iangoncalves@yahoo.com.br;65;Niteroi;RJ;Feminino;17/11/2020
831;Enzo Silveira;bmoura@ferreira.com;69;Campo Grande;MS;Feminino;25/03/2021
832;Srta. Eloah Melo;raragao@da.net;26;Goiania;GO;Masculino;06/02/2024
833;Luna Gomes;fsantos@bol.com.br;62;Sao Paulo;SP;Feminino;02/11/2022
834;Bruna Vieira;evelyn48@gmail.com;69;Santos;SP;Feminino;02/07/2020
835;Ian Almeida;guilherme45@yahoo.com.br;57;Guarulhos;SP;Masculino;20/04/2020
836;Lorenzo Mendes;matheus98@uol.com.br;62;Santo Andre;SP;Feminino;22/05/2021
837;Calebe Nunes;silvadavi-lucas@bol.com.br;70;Sao Jose dos Campos;SP;Masculino;06/08/2023
838;Leandro Barbosa;sofia15@yahoo.com.br;55;Belem;PA;Masculino;21/10/2020
839;Pietra Sales;usilveira@ig.com.br;45;Jundiai;SP;Masculino;14/01/2024
840;Bernardo Farias;zpires@da.com;49;Campinas;SP;Feminino;22/06/2022
841;Kevin da Mota;unogueira@monteiro.org;44;Belo Horizonte;MG;Feminino;23/05/2023
842;Lorenzo Mendes;matheus98@uol.com.br;62;Niteroi;RJ;Masculino;31/08/2022
843;Gabriela da Paz;felipe98@aragao.net;33;Fortaleza;CE;Feminino;23/09/2021
844;Sofia Rocha;icardoso@goncalves.net;38;Manaus;AM;Feminino;09/05/2024
845;Maria Sophia Cunha;nascimentoalexia@monteiro.br;57;Salvador;BA;Masculino;16/11/2022
846;Lucca Dias;jsilva@bol.com.br;56;Florianopolis;SC;Masculino;11/07/2024
847;Bruna Vieira;evelyn48@gmail.com;69;Manaus;AM;Feminino;02/01/2022
848;Gabriela da Paz;felipe98@aragao.net;33;Rio de Janeiro;RJ;Masculino;08/06/2023
849;Pedro Henrique Nogueira;da-cruznatalia@melo.com;26;Campinas;SP;Feminino;07/05/2024
850;Eduardo Barros;theonunes@gmail.com;36;Rio de Janeiro;RJ;Feminino;16/11/2020
851;Eduardo Barros;theonunes@gmail.com;36;Campo Grande;MS;Feminino;01/07/2022
852;Maria Sophia Costa;fernando44@novaes.br;62;Sao Paulo;SP;Feminino;10/06/2023
853;Marcos Vinicius Barbosa;ana-claracampos@bol.com.br;69;Sao Jose dos Campos;SP;Masculino;20/08/2024
854;Ryan Pires;faraujo@castro.br;38;Porto Alegre;RS;Masculino;12/03/2021
855;Leandro Nogueira;ibarros@alves.com;25;Natal;RN;Masculino;19/02/2022
856;Bernardo da Rocha;dpires@bol.com.br;36;Porto Alegre;RS;Masculino;05/04/2024
857;Melissa Farias;vitor-hugo91@yahoo.com.br;50;Belem;PA;Feminino;27/11/2023
858;Bernardo da Luz;laurafreitas@da.com;43;Sao Luis;MA;Feminino;12/12/2022
859;Kamilly Souza;cunhahenrique@hotmail.com;56;Vitoria;ES;Masculino;15/12/2024
860;Vitor da Cruz;fernandorezende@yahoo.com.br;51;Santo Andre;SP;Feminino;29/08/2023
861;Ana Julia Alves;omendes@porto.br;41;Sorocaba;SP;Feminino;28/07/2023
862;Gabrielly Cunha;davi-luccadas-neves@bol.com.br;42;Blumenau;SC;Feminino;26/12/2021
863;Sra. Raquel Monteiro;joao-guilherme52@hotmail.com;35;Joinville;SC;Masculino;31/01/2020
864;Dra. Lavínia da Paz;henrique10@yahoo.com.br;23;Salvador;BA;Masculino;02/12/2020
865;Gabrielly Cunha;davi-luccadas-neves@bol.com.br;42;Guarulhos;SP;Masculino;01/07/2020
866;Maria Sophia Cunha;nascimentoalexia@monteiro.br;57;Belem;PA;Feminino;12/11/2022
867;Dra. Lavínia da Paz;henrique10@yahoo.com.br;23;Porto Alegre;RS;Masculino;27/06/2021
868;Bianca Viana;mendessophia@bol.com.br;41;Osasco;SP;Masculino;09/01/2024
869;Ana Vitória Peixoto;henriquecaldeira@das.org;32;Goiania;GO;Masculino;02/01/2023
870;Bernardo da Rocha;dpires@bol.com.br;36;Sorocaba;SP;Masculino;30/10/2022
871;Luigi Lopes;santosalice@dias.br;28;Sorocaba;SP;Masculino;16/02/2024
872;Ana Julia Alves;omendes@porto.br;41;Sao Paulo;SP;Masculino;19/01/2024
873;Julia Nunes;freitasalice@gmail.com;68;Aracaju;SE;Feminino;08/05/2024
874;Dra. Lavínia da Paz;henrique10@yahoo.com.br;23;Londrina;PR;Feminino;06/05/2024
875;Miguel Porto;eloah69@nascimento.org;51;Recife;PE;Masculino;21/10/2021
876;Gabrielly Cunha;davi-luccadas-neves@bol.com.br;42;Belem;PA;Masculino;08/06/2020
877;Rafaela Moraes;alexandregomes@alves.com;55;Sao Jose dos Campos;SP;Feminino;03/11/2022
878;Valentina Duarte;fmendes@pereira.net;52;Guarulhos;SP;Feminino;16/04/2023
879;Bernardo da Rocha;dpires@bol.com.br;36;Blumenau;SC;Masculino;15/02/2021
880;Ana Vitória Peixoto;henriquecaldeira@das.org;32;Sorocaba;SP;Masculino;08/10/2022
881;Ana Julia Alves;omendes@porto.br;41;Cuiaba;MT;Masculino;22/02/2020
882;Maria Duarte;miguelsilveira@uol.com.br;25;Sao Jose dos Campos;SP;Masculino;11/02/2021
883;Pedro Henrique Nogueira;da-cruznatalia@melo.com;26;Salvador;BA;Feminino;26/04/2022
884;Davi Lucca Monteiro;wmoreira@yahoo.com.br;19;Teresina;PI;Masculino;11/11/2022
885;Srta. Eloah Melo;raragao@da.net;26;Guarulhos;SP;Masculino;19/11/2022
886;Juliana Duarte;cardosoana-beatriz@teixeira.com;19;Santos;SP;Masculino;03/12/2021
887;Larissa Gomes;cauasilva@da.net;68;Brasilia;DF;Masculino;16/09/2020
888;Marcos Vinicius Barbosa;ana-claracampos@bol.com.br;69;Palmas;TO;Feminino;13/05/2023
889;João Felipe Moura;da-conceicaomaria@nogueira.com;43;Palmas;TO;Feminino;18/12/2022
890;Marcos Vinicius Barbosa;ana-claracampos@bol.com.br;69;Joao Pessoa;PB;Feminino;03/02/2024
891;Gabriel Lopes;nathan70@das.net;54;Recife;PE;Masculino;14/02/2022
892;Valentina Duarte;fmendes@pereira.net;52;Sao Bernardo do Campo;SP;Masculino;29/01/2024
893;Luiz Felipe Almeida;pedro-henriquelima@ig.com.br;48;Guarulhos;SP;Feminino;01/11/2022
894;Lorenzo Mendes;matheus98@uol.com.br;62;Balneario Camboriu;SC;Masculino;12/07/2024
895;Amanda Alves;portoclarice@gmail.com;36;Santo Andre;SP;Masculino;06/08/2023
896;Pietro Oliveira;raquel90@das.br;19;Niteroi;RJ;Feminino;29/04/2022
897;Kamilly Souza;cunhahenrique@hotmail.com;56;Florianopolis;SC;Feminino;18/11/2024
898;Enzo Silveira;bmoura@ferreira.com;69;Sao Luis;MA;Feminino;19/12/2020
899;Davi da Mata;davi-lucas81@ferreira.com;23;Niteroi;RJ;Feminino;20/07/2024
900;Vitor da Cruz;fernandorezende@yahoo.com.br;51;Palmas;TO;Masculino;03/01/2023
901;Leandro Nogueira;ibarros@alves.com;25;Natal;RN;Masculino;22/05/2022
902;Paulo Mendes;da-conceicaomaite@uol.com.br;27;Niteroi;RJ;Feminino;05/10/2024
903;Isabelly Santos;ferreirayago@yahoo.com.br;48;Rio de Janeiro;RJ;Masculino;03/05/2024
904;Leandro Barbosa;sofia15@yahoo.com.br;55;Guarulhos;SP;Feminino;02/06/2024
905;Vitor da Cruz;fernandorezende@yahoo.com.br;51;Sao Bernardo do Campo;SP;Feminino;04/01/2024
906;Dr. Breno Porto;da-luzemilly@bol.com.br;20;Fortaleza;CE;Masculino;17/09/2022
907;Caio Rocha;rporto@uol.com.br;40;Fortaleza;CE;Feminino;18/06/2023
908;Srta. Eloah Melo;raragao@da.net;26;Belo Horizonte;MG;Masculino;14/10/2022
909;Srta. Eloah Melo;raragao@da.net;26;Curitiba;PR;Masculino;23/03/2023
910;Larissa Gomes;cauasilva@da.net;68;Recife;PE;Masculino;14/12/2024
911;Benjamin Porto;aragaovitor-gabriel@cunha.com;36;Sao Luis;MA;Masculino;24/01/2023
912;Bernardo da Luz;mcarvalho@uol.com.br;51;Londrina;PR;Feminino;15/10/2024
913;Dra. Nina Cunha;da-mataantonio@ig.com.br;62;Niteroi;RJ;Masculino;20/10/2020
914;Bernardo da Luz;mcarvalho@uol.com.br;51;Blumenau;SC;Feminino;27/07/2020
915;Davi Lucca Ramos;dgomes@hotmail.com;67;Sao Bernardo do Campo;SP;Feminino;28/09/2023
916;Gustavo Henrique Azevedo;ubarros@gmail.com;62;Ribeirao Preto;SP;Feminino;16/01/2023
917;Ian Almeida;guilherme45@yahoo.com.br;57;Jundiai;SP;Feminino;28/03/2022
918;Maria Sophia Cunha;nascimentoalexia@monteiro.br;57;Londrina;PR;Masculino;04/12/2024
919;Guilherme Barros;davi-luizfarias@barros.net;24;Santo Andre;SP;Masculino;24/01/2021
920;Ana Julia Alves;omendes@porto.br;41;Niteroi;RJ;Feminino;20/11/2020
921;Sr. Bernardo Pereira;yfernandes@yahoo.com.br;48;Sao Jose dos Campos;SP;Feminino;28/07/2022
922;Sr. Guilherme Rezende;cavalcantieloah@barbosa.net;57;Ribeirao Preto;SP;Masculino;07/06/2022
923;Pedro Henrique Nogueira;da-cruznatalia@melo.com;26;Niteroi;RJ;Feminino;26/03/2023
924;Bianca Viana;mendessophia@bol.com.br;41;Brasilia;DF;Masculino;29/10/2021
925;Calebe Nunes;silvadavi-lucas@bol.com.br;70;Aracaju;SE;Feminino;01/08/2024
926;Stephany Souza;vbarros@viana.br;70;Rio de Janeiro;RJ;Masculino;24/09/2021
927;Guilherme Barros;davi-luizfarias@barros.net;24;Manaus;AM;Feminino;30/07/2021
928;Danilo Dias;araujolara@da.br;34;Salvador;BA;Feminino;30/06/2024
929;Sr. Guilherme Rezende;cavalcantieloah@barbosa.net;57;Manaus;AM;Masculino;09/08/2024
930;Joana Alves;maitemendes@hotmail.com;67;Niteroi;RJ;Feminino;16/05/2020
931;Maria Sophia Vieira;lfarias@hotmail.com;56;Santo Andre;SP;Feminino;24/08/2024
932;Pedro Henrique Nogueira;da-cruznatalia@melo.com;26;Campinas;SP;Masculino;03/03/2021
933;Lucca Dias;jsilva@bol.com.br;56;Joinville;SC;Feminino;15/01/2024
934;Eduardo Campos;joao-gabriel32@ferreira.net;40;Jundiai;SP;Masculino;03/09/2021
935;Letícia Costela;camila28@uol.com.br;62;Vitoria;ES;Masculino;29/06/2022
936;Lorenzo Mendes;matheus98@uol.com.br;62;Sao Luis;MA;Feminino;29/03/2022
937;Cecília Fogaça;grezende@duarte.com;21;Londrina;PR;Feminino;20/05/2020
938;Júlia Vieira;carlos-eduardocunha@santos.com;23;Recife;PE;Feminino;11/01/2023
939;Eduardo Campos;joao-gabriel32@ferreira.net;40;Salvador;BA;Feminino;25/06/2020
940;Otávio Souza;iangoncalves@yahoo.com.br;65;Londrina;PR;Feminino;16/07/2020
941;Davi Lucca Ramos;dgomes@hotmail.com;67;Brasilia;DF;Feminino;15/09/2021
942;Thomas Barbosa;qpires@uol.com.br;26;Goiania;GO;Feminino;10/05/2024
943;Kevin da Mota;unogueira@monteiro.org;44;Rio de Janeiro;RJ;Masculino;21/11/2021
944;Ryan Pires;faraujo@castro.br;38;Ribeirao Preto;SP;Feminino;15/12/2023
945;Joaquim Ferreira;leonardo25@hotmail.com;57;Joinville;SC;Masculino;04/02/2021
946;Larissa Gomes;cauasilva@da.net;68;Jundiai;SP;Feminino;17/09/2024
947;Eduardo Barros;theonunes@gmail.com;36;Jundiai;SP;Feminino;15/04/2021
948;Julia Nunes;freitasalice@gmail.com;68;Santos;SP;Masculino;05/08/2020
949;Heloísa Oliveira;bruno03@gmail.com;19;Ribeirao Preto;SP;Feminino;17/07/2022
950;Guilherme Barros;davi-luizfarias@barros.net;24;Salvador;BA;Feminino;18/10/2024
951;Maria Duarte;miguelsilveira@uol.com.br;25;Campo Grande;MS;Masculino;23/09/2021
952;Kevin da Mota;unogueira@monteiro.org;44;Belem;PA;Feminino;08/08/2022
953;Lorenzo da Cruz;da-cunhamaria-julia@hotmail.com;59;Manaus;AM;Feminino;24/06/2022
954;Maria Sophia Vieira;lfarias@hotmail.com;56;Santo Andre;SP;Feminino;23/06/2020
955;Caio Rocha;rporto@uol.com.br;40;Fortaleza;CE;Masculino;23/01/2020
956;João Vitor Monteiro;das-nevesmelissa@correia.org;40;Recife;PE;Feminino;14/10/2024
957;Miguel Porto;eloah69@nascimento.org;51;Florianopolis;SC;Feminino;22/08/2020
958;Bernardo da Rocha;dpires@bol.com.br;36;Santos;SP;Feminino;02/11/2022
959;Ryan Pires;faraujo@castro.br;38;Goiania;GO;Feminino;29/01/2023
960;Larissa Gomes;cauasilva@da.net;68;Santos;SP;Masculino;17/07/2022
961;Joaquim Ferreira;leonardo25@hotmail.com;57;Campinas;SP;Masculino;08/04/2024
962;Bernardo da Luz;laurafreitas@da.com;43;Joao Pessoa;PB;Feminino;06/06/2021
963;Eduardo Campos;joao-gabriel32@ferreira.net;40;Palmas;TO;Feminino;13/12/2024
964;Leonardo da Rosa;tmendes@santos.br;52;Niteroi;RJ;Masculino;15/01/2024
965;Luiz Fernando Carvalho;joao-guilhermemoraes@hotmail.com;55;Goiania;GO;Masculino;06/03/2021
966;Júlia Vieira;carlos-eduardocunha@santos.com;23;Jundiai;SP;Feminino;03/03/2022
967;Valentina Duarte;fmendes@pereira.net;52;Brasilia;DF;Masculino;17/06/2024
968;Vitor Gabriel Mendes;ana-julia13@hotmail.com;47;Salvador;BA;Feminino;02/10/2024
969;Kevin da Mota;unogueira@monteiro.org;44;Sao Jose dos Campos;SP;Masculino;16/06/2021
970;Bernardo da Luz;laurafreitas@da.com;43;Recife;PE;Masculino;05/09/2022
971;Mariana Costela;fda-paz@ig.com.br;41;Uberlandia;MG;Masculino;12/10/2024
972;Larissa Gomes;cauasilva@da.net;68;Joinville;SC;Masculino;02/08/2024
973;Maria Alice Rocha;gustavo79@bol.com.br;59;Porto Alegre;RS;Feminino;09/08/2023
974;Sofia Rocha;icardoso@goncalves.net;38;Londrina;PR;Masculino;20/03/2022
975;Leandro Nogueira;ibarros@alves.com;25;Guarulhos;SP;Masculino;01/07/2022
976;Rafaela Melo;mpires@martins.org;50;Aracaju;SE;Feminino;29/01/2023
977;Gabrielly Cunha;davi-luccadas-neves@bol.com.br;42;Belem;PA;Masculino;05/03/2024
978;João Vitor Monteiro;das-nevesmelissa@correia.org;40;Florianopolis;SC;Masculino;20/08/2023
979;Julia Correia;ana-lauramoraes@uol.com.br;65;Sao Paulo;SP;Feminino;20/05/2022
980;Sra. Raquel Monteiro;joao-guilherme52@hotmail.com;35;Sao Jose dos Campos;SP;Masculino;23/06/2021
981;Dra. Yasmin Taboao;zmendes@souza.org;65;Cuiaba;MT;Feminino;20/10/2022
982;Leonardo da Rosa;tmendes@santos.br;52;Santos;SP;Feminino;25/04/2024
983;João Felipe Moura;da-conceicaomaria@nogueira.com;43;Jundiai;SP;Feminino;10/10/2023
984;Bernardo Farias;zpires@da.com;49;Florianopolis;SC;Feminino;19/08/2023
985;Maria Sophia Costa;fernando44@novaes.br;62;Sao Paulo;SP;Masculino;28/02/2024
986;Marcos Vinicius Barbosa;ana-claracampos@bol.com.br;69;Sao Luis;MA;Feminino;08/08/2024
987;Joaquim Ferreira;leonardo25@hotmail.com;57;Cuiaba;MT;Masculino;26/11/2024
988;Eduardo Campos;joao-gabriel32@ferreira.net;40;Porto Alegre;RS;Masculino;14/08/2020
989;Leonardo Pereira;mouranathan@mendes.br;36;Porto Alegre;RS;Masculino;13/06/2023
990;Benjamin Porto;aragaovitor-gabriel@cunha.com;36;Manaus;AM;Masculino;22/05/2022
991;Marcos Vinicius Barbosa;ana-claracampos@bol.com.br;69;Santos;SP;Masculino;10/06/2022
992;Dra. Isis Cardoso;castrokaique@castro.br;62;Sorocaba;SP;Masculino;18/01/2024
993;Gabriel Lopes;nathan70@das.net;54;Palmas;TO;Masculino;02/11/2022
994;Benjamin Porto;aragaovitor-gabriel@cunha.com;36;Santos;SP;Masculino;28/07/2020
995;João Miguel Mendes;da-costajoao@hotmail.com;46;Belem;PA;Masculino;10/01/2022
996;Juliana Duarte;cardosoana-beatriz@teixeira.com;19;Santo Andre;SP;Masculino;31/01/2021
997;Bernardo da Luz;mcarvalho@uol.com.br;51;Rio de Janeiro;RJ;Feminino;28/01/2023
998;Rafaela Melo;mpires@martins.org;50;Curitiba;PR;Feminino;31/01/2020
999;Rafaela Peixoto;cunhasophie@hotmail.com;28;Joao Pessoa;PB;Feminino;16/06/2022
1000;Joaquim Ferreira;leonardo25@hotmail.com;57;Ribeirao Preto;SP;Masculino;31/03/2024
